{"stats":{"minecraft:picked_up":{"minecraft:crafting_table":5,"minecraft:allium":7,"minecraft:andesite":20,"tfmg:raw_lithium":10,"minecraft:leather":2,"minecraft:flint":7,"minecraft:tuff":32,"create:raw_zinc":14,"minecraft:oak_log":52,"supplementaries:flax_seeds":4,"tfmg:raw_nickel":2,"tfmg:raw_lead":1,"minecraft:dirt":60,"securitycraft:reinforced_stone_button":8,"minecraft:wheat_seeds":7,"minecraft:cobbled_deepslate":74,"minecraft:raw_gold":7,"minecraft:beef":3,"minecraft:poppy":11,"vs_clockwork:wanderlite_crystal":1,"minecraft:chest":1,"minecraft:oak_planks":24,"minecraft:egg":2,"minecraft:furnace":3,"minecraft:stick":13,"minecraft:raw_iron":39,"minecraft:oak_door":1,"minecraft:torch":8,"minecraft:gravel":41,"minecraft:sand":72,"minecraft:porkchop":3,"minecraft:diorite":46,"minecraft:white_bed":6,"minecraft:redstone":42,"minecraft:rotten_flesh":7,"minecraft:diamond":2,"farmersdelight:onion":3,"minecraft:granite":13,"supplementaries:ash":1,"minecraft:oak_sapling":13,"minecraft:mutton":6,"minecraft:coal":44,"minecraft:white_wool":7,"minecraft:cobblestone":171},"minecraft:killed":{"minecraft:pig":2,"minecraft:zombie_villager":1,"minecraft:sheep":4,"minecraft:zombie":4,"minecraft:cow":1},"minecraft:crafted":{"minecraft:cooked_beef":3,"minecraft:red_dye":2,"minecraft:oak_door":3,"minecraft:oak_planks":172,"minecraft:stone_shovel":2,"minecraft:cooked_porkchop":3,"minecraft:crafting_table":2,"minecraft:wooden_pickaxe":1,"minecraft:iron_helmet":1,"minecraft:furnace":2,"minecraft:stone_button":8,"minecraft:stone":8,"securitycraft:keypad_item":1,"minecraft:stone_axe":1,"minecraft:heavy_weighted_pressure_plate":1,"minecraft:cooked_mutton":6,"minecraft:air":0,"minecraft:glass_pane":16,"minecraft:red_concrete_powder":16,"securitycraft:laser_block":1,"minecraft:glass":7,"tfmg:lithium_ingot":10,"minecraft:iron_boots":1,"minecraft:iron_chestplate":1,"minecraft:shield":1,"minecraft:stick":44,"minecraft:iron_ingot":39,"minecraft:iron_pickaxe":1,"minecraft:stone_pickaxe":1,"minecraft:gold_ingot":7,"minecraft:chest":3,"minecraft:iron_leggings":1,"minecraft:white_bed":2,"minecraft:redstone_block":1,"minecraft:torch":76,"minecraft:stone_hoe":1,"securitycraft:universal_block_reinforcer_lvl1":1},"minecraft:mined":{"minecraft:deepslate_redstone_ore":9,"create:deepslate_zinc_ore":14,"minecraft:tuff":16,"minecraft:oak_sapling":1,"minecraft:white_bed":6,"minecraft:deepslate_diamond_ore":2,"minecraft:crafting_table":5,"minecraft:torch":4,"minecraft:granite":14,"minecraft:allium":1,"minecraft:grass_block":34,"minecraft:poppy":11,"minecraft:chest":1,"tfmg:lead_ore":1,"supplementaries:wild_flax":4,"minecraft:tall_grass":2,"vs_clockwork:wanderlite_deepslate_ore":1,"minecraft:deepslate_gold_ore":7,"minecraft:oak_planks":3,"minecraft:diorite":23,"minecraft:wall_torch":5,"farmersdelight:wild_onions":3,"minecraft:furnace":3,"minecraft:iron_ore":28,"minecraft:andesite":10,"minecraft:grass":37,"minecraft:oak_log":52,"supplementaries:stick":4,"minecraft:coal_ore":44,"minecraft:deepslate_iron_ore":11,"tfmg:deepslate_nickel_ore":1,"minecraft:sand":72,"minecraft:gravel":43,"minecraft:dirt":28,"tfmg:deepslate_lithium_ore":10,"minecraft:stone":107,"minecraft:white_wool":2,"minecraft:oak_leaves":31,"minecraft:deepslate":38},"minecraft:killed_by":{"minecraft:zombie":1},"minecraft:custom":{"minecraft:interact_with_furnace":69,"minecraft:mob_kills":12,"minecraft:interact_with_crafting_table":47,"minecraft:leave_game":2,"minecraft:time_since_death":52094,"minecraft:sleep_in_bed":6,"minecraft:time_since_rest":6292,"minecraft:sprint_one_cm":200718,"minecraft:damage_taken":337,"minecraft:walk_one_cm":137704,"minecraft:drop":5,"minecraft:damage_dealt":1683,"minecraft:swim_one_cm":30076,"minecraft:fly_one_cm":156082,"minecraft:open_chest":7,"minecraft:play_time":96612,"minecraft:crouch_one_cm":19567,"minecraft:deaths":1,"minecraft:sneak_time":9894,"minecraft:walk_under_water_one_cm":15306,"minecraft:jump":1099,"minecraft:walk_on_water_one_cm":65291,"minecraft:total_world_time":96612,"minecraft:fall_one_cm":21436},"minecraft:dropped":{"minecraft:rotten_flesh":2,"minecraft:oak_planks":1,"minecraft:allium":7,"minecraft:sand":1},"minecraft:broken":{"minecraft:stone_pickaxe":1,"minecraft:stone_shovel":1},"minecraft:used":{"minecraft:wheat_seeds":6,"minecraft:cooked_mutton":6,"minecraft:stone_pickaxe":131,"minecraft:stone_shovel":156,"minecraft:oak_planks":3,"minecraft:chest":4,"minecraft:wooden_pickaxe":32,"minecraft:stone_hoe":19,"minecraft:oak_door":1,"minecraft:torch":72,"minecraft:white_wool":1,"minecraft:stick":4,"farmersdelight:onion":3,"minecraft:dirt":59,"securitycraft:keypad_item":1,"minecraft:crafting_table":7,"minecraft:white_bed":8,"minecraft:granite":9,"minecraft:iron_pickaxe":182,"minecraft:iron_helmet":1,"minecraft:stone_axe":93,"minecraft:oak_sapling":13,"minecraft:furnace":5,"minecraft:egg":2,"minecraft:cooked_beef":1}},"DataVersion":3465}