{"stats":{"minecraft:custom":{"minecraft:interact_with_furnace":15,"minecraft:mob_kills":23,"minecraft:animals_bred":7,"minecraft:interact_with_crafting_table":17,"minecraft:leave_game":2,"minecraft:time_since_death":69743,"minecraft:sleep_in_bed":11,"minecraft:climb_one_cm":1878,"minecraft:time_since_rest":2476,"minecraft:sprint_one_cm":182985,"minecraft:damage_taken":837,"minecraft:walk_one_cm":255548,"minecraft:drop":2,"minecraft:damage_dealt":2557,"minecraft:swim_one_cm":33138,"minecraft:fly_one_cm":221607,"minecraft:player_kills":1,"minecraft:open_chest":6,"minecraft:crouch_one_cm":121,"minecraft:play_time":115823,"minecraft:deaths":1,"minecraft:sneak_time":21,"minecraft:walk_under_water_one_cm":12013,"minecraft:boat_one_cm":526005,"minecraft:jump":1334,"minecraft:walk_on_water_one_cm":18245,"minecraft:interact_with_smoker":1,"minecraft:total_world_time":115823,"minecraft:fall_one_cm":28045},"minecraft:crafted":{"minecraft:oak_planks":88,"minecraft:stone_shovel":1,"minecraft:cooked_porkchop":6,"minecraft:crafting_table":3,"minecraft:wooden_pickaxe":1,"minecraft:furnace":2,"minecraft:birch_planks":28,"minecraft:stone_axe":1,"minecraft:white_carpet":3,"minecraft:air":0,"minecraft:oak_fence_gate":2,"minecraft:oak_boat":1,"minecraft:stick":54,"minecraft:stone_pickaxe":1,"minecraft:chest":2,"minecraft:stone_sword":1,"minecraft:torch":56,"minecraft:oak_fence":33,"minecraft:smoker":1,"minecraft:wheat":18},"minecraft:mined":{"minecraft:white_bed":5,"minecraft:oak_fence":9,"minecraft:crafting_table":2,"minecraft:torch":4,"minecraft:grass_block":38,"minecraft:melon":10,"minecraft:tall_grass":21,"minecraft:wall_torch":1,"minecraft:hay_block":7,"minecraft:tall_seagrass":1,"minecraft:furnace":1,"minecraft:birch_log":16,"minecraft:iron_ore":3,"minecraft:white_carpet":4,"minecraft:birch_leaves":1,"minecraft:andesite":2,"minecraft:grass":30,"minecraft:coal_ore":57,"minecraft:oak_log":44,"minecraft:vine":1,"minecraft:oak_fence_gate":1,"minecraft:dirt":13,"minecraft:dripstone_block":1,"minecraft:smooth_basalt":5,"minecraft:cracked_stone_bricks":1,"minecraft:bamboo":1,"minecraft:stone":35,"minecraft:oak_leaves":11,"minecraft:fern":1},"minecraft:used":{"minecraft:oak_fence":39,"minecraft:stone_sword":33,"minecraft:stone_shovel":25,"minecraft:stone_pickaxe":76,"minecraft:chest":2,"minecraft:wooden_pickaxe":30,"minecraft:cracked_stone_bricks":1,"minecraft:torch":29,"minecraft:dirt":27,"minecraft:white_carpet":7,"minecraft:crafting_table":5,"minecraft:white_bed":5,"minecraft:dripstone_block":1,"minecraft:smoker":1,"minecraft:oak_fence_gate":3,"minecraft:smooth_basalt":5,"minecraft:stone_axe":109,"minecraft:oak_sapling":3,"minecraft:furnace":2,"minecraft:cooked_porkchop":4,"minecraft:andesite":3,"minecraft:oak_boat":3,"minecraft:cooked_beef":6},"minecraft:killed":{"minecraft:pig":4,"minecraft:sheep":4,"minecraft:zombie":3,"minecraft:cow":12},"minecraft:picked_up":{"minecraft:birch_log":16,"minecraft:crafting_table":2,"minecraft:cooked_beef":48,"minecraft:andesite":3,"minecraft:leather":10,"minecraft:oak_log":44,"supplementaries:flax_seeds":1,"minecraft:dirt":48,"minecraft:white_carpet":4,"minecraft:cracked_stone_bricks":1,"minecraft:wheat_seeds":6,"minecraft:oak_fence_gate":1,"minecraft:beef":22,"minecraft:oak_boat":3,"minecraft:bamboo":6,"minecraft:melon_slice":45,"minecraft:egg":1,"minecraft:furnace":1,"minecraft:raw_iron":3,"minecraft:stick":3,"minecraft:smooth_basalt":5,"minecraft:oak_fence":9,"minecraft:torch":4,"minecraft:dripstone_block":1,"minecraft:porkchop":10,"minecraft:white_bed":5,"minecraft:carrot":1,"minecraft:rotten_flesh":5,"minecraft:stone_axe":1,"minecraft:hay_block":7,"minecraft:oak_sapling":3,"minecraft:mutton":6,"minecraft:coal":57,"minecraft:white_wool":4,"minecraft:cobblestone":38},"minecraft:killed_by":{"minecraft:player":1},"minecraft:dropped":{"minecraft:stone_axe":1,"supplementaries:flax_seeds":1}},"DataVersion":3465}