{"stats":{"minecraft:custom":{"minecraft:time_since_rest":16900,"minecraft:interact_with_furnace":12,"minecraft:sprint_one_cm":59400,"minecraft:damage_taken":577,"minecraft:walk_one_cm":71858,"minecraft:mob_kills":4,"minecraft:drop":2,"minecraft:damage_dealt":614,"minecraft:player_kills":1,"minecraft:swim_one_cm":21699,"minecraft:interact_with_crafting_table":6,"minecraft:fly_one_cm":77972,"minecraft:open_chest":5,"minecraft:play_time":67823,"minecraft:deaths":1,"minecraft:sneak_time":5,"minecraft:walk_under_water_one_cm":10569,"minecraft:boat_one_cm":460530,"minecraft:jump":441,"minecraft:leave_game":2,"minecraft:time_since_death":21743,"minecraft:walk_on_water_one_cm":12285,"minecraft:sleep_in_bed":2,"minecraft:total_world_time":67823,"minecraft:fall_one_cm":9614},"minecraft:crafted":{"minecraft:oak_boat":1,"minecraft:oak_planks":20,"minecraft:cooked_porkchop":6,"minecraft:crafting_table":2,"minecraft:stick":12,"minecraft:wooden_pickaxe":1,"minecraft:stone_pickaxe":1,"minecraft:furnace":1,"minecraft:torch":8,"minecraft:birch_planks":8,"minecraft:stone_axe":1,"minecraft:air":0},"minecraft:mined":{"minecraft:white_bed":3,"minecraft:furnace":1,"minecraft:birch_log":16,"minecraft:andesite":2,"minecraft:birch_leaves":1,"minecraft:crafting_table":2,"minecraft:grass":7,"minecraft:grass_block":8,"minecraft:oak_log":44,"minecraft:coal_ore":2,"minecraft:dripstone_block":1,"minecraft:dirt":10,"minecraft:cracked_stone_bricks":1,"minecraft:tall_grass":8,"minecraft:smooth_basalt":5,"minecraft:stone":19,"minecraft:oak_leaves":11},"minecraft:used":{"minecraft:stone_pickaxe":2,"minecraft:wooden_pickaxe":30,"minecraft:smooth_basalt":2,"minecraft:stone_axe":69,"minecraft:torch":8,"minecraft:dirt":4,"minecraft:crafting_table":3,"minecraft:furnace":1,"minecraft:oak_sapling":3,"minecraft:cooked_porkchop":4,"minecraft:oak_boat":1,"minecraft:white_bed":2,"minecraft:dripstone_block":1},"minecraft:killed":{"minecraft:pig":4},"minecraft:picked_up":{"minecraft:birch_log":16,"minecraft:stick":3,"minecraft:crafting_table":2,"minecraft:smooth_basalt":5,"minecraft:cooked_beef":48,"minecraft:andesite":3,"minecraft:dripstone_block":1,"minecraft:porkchop":10,"minecraft:oak_log":44,"supplementaries:flax_seeds":1,"minecraft:white_bed":3,"minecraft:dirt":18,"minecraft:cracked_stone_bricks":1,"minecraft:stone_axe":1,"minecraft:wheat_seeds":3,"minecraft:oak_sapling":3,"minecraft:coal":2,"minecraft:cobblestone":22,"minecraft:furnace":1},"minecraft:killed_by":{"minecraft:player":1},"minecraft:dropped":{"minecraft:stone_axe":1,"supplementaries:flax_seeds":1}},"DataVersion":3465}