{"stats":{"minecraft:used":{"vs_eureka:birch_ship_helm":1,"minecraft:glass":15,"supplementaries:bomb_blue":1,"minecraft:white_wool":2,"vs_eureka:balloon":442,"minecraft:black_wool":16,"minecraft:rail":2,"minecraft:flint_and_steel":44,"minecraft:stripped_oak_wood":411,"minecraft:tnt_minecart":4,"minecraft:pink_stained_glass":41,"minecraft:pink_terracotta":25,"minecraft:stripped_oak_log":217,"tfmg:napalm_bomb":50},"minecraft:picked_up":{"vs_clockwork:gravitron":1,"vs_eureka:balloon":1},"minecraft:custom":{"minecraft:time_since_rest":43255,"minecraft:crouch_one_cm":517,"minecraft:sprint_one_cm":91,"minecraft:play_time":43255,"minecraft:damage_taken":50,"minecraft:walk_one_cm":20440,"minecraft:sneak_time":1196,"minecraft:drop":10,"minecraft:jump":36,"minecraft:time_since_death":43255,"minecraft:total_world_time":43255,"minecraft:fall_one_cm":756,"minecraft:fly_one_cm":256608},"minecraft:dropped":{"minecraft:pink_terracotta":1,"minecraft:stripped_oak_log":1,"vs_eureka:floater":1,"minecraft:glass":1,"vs_eureka:balloon":2,"vs_clockwork:gravitron":1,"minecraft:rail":1,"minecraft:tnt_minecart":1,"minecraft:flint_and_steel":1}},"DataVersion":3465}