{"stats":{"minecraft:custom":{"minecraft:time_since_rest":43823,"minecraft:interact_with_furnace":9,"minecraft:sprint_one_cm":43844,"minecraft:damage_taken":217,"minecraft:walk_one_cm":44236,"minecraft:mob_kills":4,"minecraft:drop":1,"minecraft:damage_dealt":410,"minecraft:swim_one_cm":2240,"minecraft:interact_with_crafting_table":5,"minecraft:fly_one_cm":55710,"minecraft:play_time":43823,"minecraft:sneak_time":2,"minecraft:walk_under_water_one_cm":2995,"minecraft:jump":316,"minecraft:leave_game":2,"minecraft:time_since_death":43823,"minecraft:walk_on_water_one_cm":3567,"minecraft:total_world_time":43823,"minecraft:fall_one_cm":6152},"minecraft:crafted":{"minecraft:oak_planks":12,"minecraft:cooked_porkchop":6,"minecraft:crafting_table":1,"minecraft:stick":12,"minecraft:wooden_pickaxe":1,"minecraft:stone_pickaxe":1,"minecraft:furnace":1,"minecraft:torch":8,"minecraft:birch_planks":4,"minecraft:stone_axe":1,"minecraft:air":0},"minecraft:mined":{"minecraft:white_bed":1,"minecraft:furnace":1,"minecraft:birch_log":16,"minecraft:andesite":2,"minecraft:birch_leaves":1,"minecraft:crafting_table":1,"minecraft:grass":7,"minecraft:grass_block":8,"minecraft:oak_log":23,"minecraft:coal_ore":2,"minecraft:dripstone_block":1,"minecraft:dirt":10,"minecraft:tall_grass":8,"minecraft:smooth_basalt":5,"minecraft:stone":19,"minecraft:oak_leaves":9},"minecraft:used":{"minecraft:stone_pickaxe":2,"minecraft:wooden_pickaxe":29,"minecraft:smooth_basalt":2,"minecraft:stone_axe":41,"minecraft:torch":8,"minecraft:dirt":4,"minecraft:crafting_table":2,"minecraft:furnace":1,"minecraft:oak_sapling":3,"minecraft:cooked_porkchop":3,"minecraft:white_bed":1,"minecraft:dripstone_block":1},"minecraft:killed":{"minecraft:pig":4},"minecraft:picked_up":{"minecraft:birch_log":16,"minecraft:stick":3,"minecraft:crafting_table":1,"minecraft:smooth_basalt":5,"minecraft:andesite":3,"minecraft:dripstone_block":1,"minecraft:porkchop":10,"minecraft:oak_log":23,"supplementaries:flax_seeds":1,"minecraft:white_bed":1,"minecraft:dirt":18,"minecraft:wheat_seeds":3,"minecraft:oak_sapling":3,"minecraft:coal":2,"minecraft:cobblestone":22,"minecraft:furnace":1},"minecraft:dropped":{"supplementaries:flax_seeds":1}},"DataVersion":3465}