{"stats":{"minecraft:used":{"minecraft:yellow_wool":15,"vs_eureka:birch_ship_helm":1,"minecraft:light_gray_wool":13,"minecraft:glass":15,"supplementaries:bomb_blue":1,"minecraft:white_wool":2,"vs_eureka:balloon":455,"minecraft:sea_lantern":5,"minecraft:black_wool":37,"minecraft:rail":2,"minecraft:flint_and_steel":44,"minecraft:stripped_oak_wood":411,"minecraft:tnt_minecart":4,"minecraft:pink_stained_glass":42,"minecraft:pink_terracotta":74,"minecraft:stripped_oak_log":217,"tfmg:napalm_bomb":50},"minecraft:picked_up":{"vs_clockwork:gravitron":1,"vs_eureka:balloon":1},"minecraft:custom":{"minecraft:time_since_rest":7040,"minecraft:crouch_one_cm":541,"minecraft:sprint_one_cm":232,"minecraft:play_time":60249,"minecraft:damage_taken":50,"minecraft:walk_one_cm":38845,"minecraft:sneak_time":1533,"minecraft:drop":10,"minecraft:jump":47,"minecraft:leave_game":1,"minecraft:time_since_death":7009,"minecraft:total_world_time":60249,"minecraft:fall_one_cm":756,"minecraft:fly_one_cm":392812,"minecraft:deaths":1},"minecraft:dropped":{"minecraft:pink_terracotta":1,"minecraft:stripped_oak_log":1,"vs_eureka:floater":1,"minecraft:glass":1,"vs_eureka:balloon":2,"vs_clockwork:gravitron":1,"minecraft:rail":1,"minecraft:tnt_minecart":1,"minecraft:flint_and_steel":1}},"DataVersion":3465}