{"stats":{"minecraft:used":{"vs_eureka:birch_ship_helm":1,"minecraft:white_wool":2,"minecraft:pink_terracotta":21,"supplementaries:bomb_blue":1,"minecraft:tnt_minecart":4,"vs_eureka:balloon":34,"tfmg:napalm_bomb":50,"minecraft:stripped_oak_log":186,"minecraft:rail":1,"minecraft:flint_and_steel":44},"minecraft:picked_up":{"vs_clockwork:gravitron":1},"minecraft:custom":{"minecraft:jump":24,"minecraft:time_since_rest":23730,"minecraft:crouch_one_cm":359,"minecraft:play_time":23730,"minecraft:damage_taken":50,"minecraft:time_since_death":23730,"minecraft:walk_one_cm":2249,"minecraft:sneak_time":669,"minecraft:total_world_time":23730,"minecraft:drop":1,"minecraft:fall_one_cm":756,"minecraft:fly_one_cm":141305},"minecraft:dropped":{"vs_clockwork:gravitron":1}},"DataVersion":3465}