{"stats":{"minecraft:killed":{"minecraft:horse":1,"minecraft:silverfish":4,"minecraft:sheep":5,"minecraft:pillager":1,"minecraft:zombie":2,"minecraft:enderman":1,"minecraft:cow":7},"minecraft:mined":{"minecraft:polished_granite_slab":1,"minecraft:red_carpet":14,"minecraft:tuff":4,"minecraft:white_bed":3,"minecraft:candle":9,"minecraft:cobblestone_stairs":1,"projectvibrantjourneys:rocks":1,"minecraft:brewing_stand":1,"minecraft:grass_block":7,"minecraft:infested_cobblestone":1,"minecraft:decorated_pot":3,"minecraft:deepslate_bricks":1,"minecraft:polished_andesite_slab":1,"minecraft:moss_block":3,"minecraft:magma_block":5,"minecraft:furnace":2,"minecraft:iron_ore":7,"minecraft:fire":1,"minecraft:andesite":1,"minecraft:moss_carpet":1,"minecraft:bookshelf":15,"minecraft:cobblestone_slab":3,"minecraft:oak_stairs":1,"irons_spellbooks:inscription_table":1,"minecraft:stone":73,"minecraft:polished_granite_stairs":1,"minecraft:amethyst_cluster":1,"minecraft:basalt":2,"minecraft:stone_brick_slab":6,"minecraft:clay":6,"minecraft:crafting_table":3,"minecraft:torch":1,"minecraft:light_gray_terracotta":4,"minecraft:blackstone_slab":1,"minecraft:calcite":11,"minecraft:lectern":1,"projectvibrantjourneys:natural_cobweb":1,"minecraft:copper_ore":1,"minecraft:cobblestone":23,"minecraft:coarse_dirt":3,"minecraft:stripped_spruce_wood":1,"minecraft:beehive":6,"minecraft:spruce_log":15,"minecraft:stone_brick_stairs":6,"minecraft:coal_ore":21,"projectvibrantjourneys:short_grass":4,"projectvibrantjourneys:pinecones":1,"minecraft:gravel":1,"minecraft:dirt":4,"minecraft:cobweb":5,"minecraft:cracked_stone_bricks":9,"minecraft:stone_bricks":17,"minecraft:oak_leaves":3,"minecraft:fern":3},"minecraft:used":{"minecraft:chest":2,"minecraft:decorated_pot":2,"minecraft:spruce_planks":2,"minecraft:torch":4,"minecraft:dirt":1,"minecraft:beehive":2,"minecraft:stone_brick_slab":2,"minecraft:stone_brick_stairs":1,"minecraft:magma_block":1,"minecraft:red_carpet":14,"minecraft:beef":3,"minecraft:furnace":3,"minecraft:cooked_beef":4,"minecraft:calcite":11,"epicfight:skillbook":1,"minecraft:stone_pickaxe":203,"minecraft:wooden_pickaxe":26,"minecraft:cracked_stone_bricks":1,"minecraft:crafting_table":3,"minecraft:white_bed":4,"minecraft:spruce_log":6,"minecraft:gravel":1,"minecraft:stone_axe":42,"minecraft:cobblestone":3,"soulslikeuniverse:dagger":140,"minecraft:coarse_dirt":3,"minecraft:candle":8,"minecraft:cobweb":4},"minecraft:custom":{"minecraft:mob_kills":21,"minecraft:interact_with_crafting_table":6,"minecraft:open_barrel":13,"minecraft:leave_game":3,"minecraft:time_since_death":10097,"minecraft:climb_one_cm":364,"minecraft:sprint_one_cm":70783,"minecraft:walk_one_cm":609000,"minecraft:drop":64,"minecraft:damage_dealt_absorbed":225,"minecraft:play_time":75560,"minecraft:deaths":4,"minecraft:sneak_time":132,"minecraft:walk_under_water_one_cm":849,"minecraft:interact_with_lectern":1,"minecraft:jump":360,"minecraft:interact_with_brewingstand":1,"minecraft:walk_on_water_one_cm":3635,"minecraft:total_world_time":75560,"minecraft:interact_with_furnace":8,"minecraft:sleep_in_bed":5,"minecraft:time_since_rest":10239,"minecraft:damage_taken":1484,"minecraft:damage_dealt":3573,"minecraft:swim_one_cm":5746,"minecraft:fly_one_cm":24322,"minecraft:open_chest":7,"minecraft:crouch_one_cm":143,"minecraft:fall_one_cm":8182},"minecraft:killed_by":{"irons_spellbooks:pyromancer":1,"soulslikeuniverse:monstergodricksoldier":1,"minecraft:silverfish":2},"minecraft:dropped":{"minecraft:enchanted_book":1,"minecraft:moss_block":1,"minecraft:wheat_seeds":8,"minecraft:shelter_pottery_sherd":1,"minecraft:polished_granite_slab":2,"minecraft:apple":1,"minecraft:cracked_stone_bricks":10,"minecraft:stick":2,"minecraft:cobblestone_stairs":1,"minecraft:dirt":1,"minecraft:gray_wool":1,"minecraft:brewing_stand":1,"minecraft:amethyst_shard":4,"minecraft:flowering_azalea":1,"minecraft:phantom_membrane":1,"minecraft:stone_brick_slab":2,"minecraft:bone":1,"minecraft:moss_carpet":1,"minecraft:cobblestone_wall":1,"minecraft:raw_copper":2,"minecraft:light_gray_terracotta":1,"minecraft:tuff":4,"minecraft:rotten_flesh":2,"minecraft:clay_ball":4,"minecraft:beehive":4,"minecraft:deepslate_bricks":1,"minecraft:polished_granite_stairs":2,"minecraft:cobblestone_slab":3,"minecraft:gunpowder":17,"minecraft:stone_bricks":16,"minecraft:blackstone_slab":1,"minecraft:basalt":2,"minecraft:wooden_pickaxe":2,"minecraft:stone_pickaxe":1,"minecraft:beef":2,"minecraft:ghast_tear":1,"minecraft:stone_brick_stairs":1,"minecraft:brick":3},"minecraft:crafted":{"minecraft:furnace":1,"minecraft:cooked_mutton":8,"minecraft:stone_pickaxe":2,"minecraft:chest":1,"minecraft:cooked_beef":4,"sophisticatedbackpacks:backpack":1,"minecraft:crafting_table":1,"minecraft:spruce_planks":28,"minecraft:wooden_pickaxe":1,"minecraft:stone_axe":1,"minecraft:air":0,"minecraft:stick":12,"minecraft:white_bed":1,"minecraft:torch":8},"minecraft:broken":{"minecraft:stone_pickaxe":1},"minecraft:picked_up":{"minecraft:crafting_table":3,"minecraft:charcoal":21,"minecraft:shelter_pottery_sherd":1,"minecraft:coarse_dirt":3,"minecraft:clay_ball":4,"minecraft:wooden_pickaxe":1,"minecraft:enchanted_book":1,"minecraft:stone_brick_stairs":2,"minecraft:brewing_stand":2,"minecraft:brick":3,"minecraft:string":8,"minecraft:moss_carpet":1,"minecraft:raw_copper":2,"minecraft:cracked_stone_bricks":11,"minecraft:candle":27,"minecraft:beef":16,"minecraft:cobblestone_slab":3,"minecraft:calcite":11,"minecraft:lectern":1,"minecraft:chest":2,"irons_spellbooks:inscription_table":1,"minecraft:furnace":2,"minecraft:egg":5,"minecraft:beehive":6,"minecraft:raw_iron":7,"minecraft:torch":1,"minecraft:polished_granite_stairs":2,"minecraft:rotten_flesh":4,"soulslikeuniverse:estusflask":2,"minecraft:decorated_pot":2,"minecraft:deepslate_bricks":1,"minecraft:mutton":8,"minecraft:white_wool":4,"minecraft:cobblestone":82,"minecraft:magma_block":1,"minecraft:basalt":2,"minecraft:leather":7,"minecraft:blackstone_slab":1,"minecraft:tuff":4,"minecraft:cobblestone_wall":1,"minecraft:gunpowder":5,"minecraft:cobblestone_stairs":1,"minecraft:dirt":9,"minecraft:red_carpet":14,"minecraft:stone_bricks":16,"minecraft:wheat_seeds":8,"minecraft:stone_pickaxe":1,"minecraft:moss_block":3,"minecraft:flowering_azalea":1,"minecraft:book":45,"minecraft:stone_brick_slab":4,"minecraft:gravel":1,"minecraft:amethyst_shard":4,"minecraft:white_bed":3,"minecraft:spruce_log":13,"minecraft:light_gray_terracotta":1,"minecraft:clay":1,"minecraft:polished_granite_slab":2,"minecraft:gray_wool":1,"minecraft:coal":20,"minecraft:ender_pearl":1}},"DataVersion":3465}