{"stats":{"minecraft:killed":{"minecraft:spider":2,"minecraft:skeleton":3,"minecraft:horse":2,"minecraft:silverfish":4,"minecraft:creeper":1,"minecraft:sheep":5,"minecraft:pillager":1,"minecraft:zombie":6,"minecraft:enderman":1,"minecraft:cow":7},"minecraft:mined":{"minecraft:polished_granite_slab":1,"minecraft:red_carpet":14,"minecraft:tuff":4,"minecraft:white_bed":4,"minecraft:candle":11,"minecraft:cobblestone_stairs":1,"projectvibrantjourneys:rocks":1,"minecraft:brewing_stand":1,"minecraft:grass_block":9,"minecraft:infested_cobblestone":1,"minecraft:decorated_pot":3,"minecraft:deepslate_bricks":1,"minecraft:polished_andesite_slab":1,"minecraft:moss_block":4,"minecraft:magma_block":6,"minecraft:furnace":3,"minecraft:iron_ore":10,"minecraft:fire":1,"minecraft:andesite":1,"minecraft:moss_carpet":1,"minecraft:gold_block":1,"minecraft:bookshelf":15,"minecraft:cobblestone_slab":3,"minecraft:oak_stairs":1,"minecraft:spruce_wood":1,"irons_spellbooks:inscription_table":1,"minecraft:stone":103,"minecraft:polished_granite_stairs":1,"minecraft:amethyst_cluster":1,"minecraft:basalt":2,"minecraft:stone_brick_slab":6,"minecraft:clay":12,"minecraft:crafting_table":4,"minecraft:torch":1,"minecraft:light_gray_terracotta":4,"minecraft:blackstone_slab":1,"minecraft:calcite":11,"minecraft:lectern":3,"projectvibrantjourneys:natural_cobweb":1,"minecraft:copper_ore":1,"minecraft:cobblestone":23,"minecraft:wall_torch":7,"minecraft:coarse_dirt":3,"minecraft:stripped_spruce_wood":1,"minecraft:beehive":6,"minecraft:spruce_log":15,"minecraft:stone_brick_stairs":7,"minecraft:coal_ore":61,"projectvibrantjourneys:short_grass":4,"projectvibrantjourneys:pinecones":1,"minecraft:gravel":2,"minecraft:dirt":7,"minecraft:cobweb":5,"minecraft:cracked_stone_bricks":9,"minecraft:polished_andesite":1,"minecraft:stone_bricks":18,"minecraft:oak_leaves":3,"minecraft:fern":3},"minecraft:used":{"minecraft:chest":2,"minecraft:decorated_pot":2,"minecraft:spruce_planks":2,"minecraft:torch":17,"minecraft:dirt":2,"wom:stone_staff":18,"minecraft:beehive":2,"minecraft:stone_brick_slab":2,"minecraft:stone_brick_stairs":1,"minecraft:magma_block":1,"minecraft:red_carpet":14,"minecraft:beef":3,"minecraft:furnace":3,"minecraft:cooked_beef":9,"minecraft:calcite":11,"minecraft:cooked_mutton":1,"epicfight:skillbook":1,"minecraft:stone_pickaxe":207,"minecraft:wooden_pickaxe":26,"minecraft:clay":1,"minecraft:cracked_stone_bricks":1,"minecraft:crafting_table":4,"minecraft:white_bed":4,"minecraft:spruce_log":6,"minecraft:iron_pickaxe":92,"minecraft:gravel":2,"minecraft:stone_axe":45,"minecraft:cobblestone":45,"soulslikeuniverse:dagger":212,"minecraft:coarse_dirt":3,"minecraft:candle":8,"minecraft:cobweb":4},"minecraft:custom":{"minecraft:mob_kills":33,"minecraft:interact_with_crafting_table":8,"minecraft:open_barrel":22,"minecraft:leave_game":3,"minecraft:time_since_death":0,"minecraft:climb_one_cm":604,"minecraft:sprint_one_cm":137148,"minecraft:walk_one_cm":863372,"minecraft:drop":76,"minecraft:damage_dealt_absorbed":347,"minecraft:play_time":99560,"minecraft:deaths":6,"minecraft:sneak_time":160,"minecraft:walk_under_water_one_cm":849,"minecraft:interact_with_lectern":1,"minecraft:jump":668,"minecraft:interact_with_brewingstand":1,"minecraft:walk_on_water_one_cm":6246,"minecraft:total_world_time":99560,"minecraft:interact_with_furnace":13,"minecraft:sleep_in_bed":6,"minecraft:time_since_rest":26,"minecraft:damage_taken":2331,"minecraft:damage_dealt":5949,"minecraft:swim_one_cm":5746,"minecraft:fly_one_cm":38874,"minecraft:open_chest":8,"minecraft:crouch_one_cm":149,"minecraft:fall_one_cm":11264,"minecraft:horse_one_cm":4957},"minecraft:killed_by":{"irons_spellbooks:pyromancer":1,"soulslikeuniverse:monstergodricksoldier":1,"minecraft:silverfish":2,"minecraft:skeleton":1,"minecraft:vex":1},"minecraft:dropped":{"minecraft:enchanted_book":1,"minecraft:moss_block":4,"minecraft:wheat_seeds":8,"minecraft:shelter_pottery_sherd":1,"minecraft:polished_granite_slab":2,"minecraft:apple":1,"epicfight:stone_spear":1,"minecraft:cracked_stone_bricks":10,"minecraft:stick":2,"minecraft:cobblestone_stairs":1,"minecraft:gold_block":1,"minecraft:dirt":1,"minecraft:gray_wool":1,"minecraft:brewing_stand":1,"minecraft:writable_book":1,"minecraft:amethyst_shard":4,"minecraft:flowering_azalea":1,"minecraft:phantom_membrane":1,"minecraft:white_wool":1,"minecraft:stone_brick_slab":2,"minecraft:bone":1,"minecraft:moss_carpet":1,"minecraft:cobblestone_wall":1,"soulslikeuniverse:dagger":2,"minecraft:raw_copper":2,"minecraft:light_gray_terracotta":1,"minecraft:tuff":4,"minecraft:rotten_flesh":2,"minecraft:clay_ball":4,"minecraft:beehive":4,"wom:stone_staff":1,"minecraft:deepslate_bricks":1,"minecraft:polished_granite_stairs":2,"minecraft:cobblestone_slab":3,"minecraft:gunpowder":19,"minecraft:stone_bricks":16,"minecraft:blackstone_slab":1,"minecraft:basalt":2,"minecraft:wooden_pickaxe":2,"minecraft:stone_pickaxe":2,"minecraft:beef":2,"minecraft:magma_block":1,"minecraft:ghast_tear":1,"minecraft:stone_brick_stairs":1,"minecraft:brick":3},"minecraft:crafted":{"minecraft:furnace":1,"minecraft:cooked_mutton":8,"minecraft:stone_pickaxe":2,"minecraft:chest":1,"minecraft:cooked_beef":11,"sophisticatedbackpacks:backpack":1,"minecraft:crafting_table":1,"minecraft:spruce_planks":28,"minecraft:wooden_pickaxe":1,"minecraft:bucket":1,"minecraft:stone_axe":1,"minecraft:air":0,"minecraft:stick":16,"minecraft:iron_ingot":10,"minecraft:iron_pickaxe":1,"minecraft:white_bed":1,"minecraft:torch":16},"minecraft:broken":{"minecraft:stone_pickaxe":1},"minecraft:picked_up":{"minecraft:crafting_table":4,"minecraft:charcoal":26,"minecraft:shelter_pottery_sherd":1,"minecraft:coarse_dirt":3,"minecraft:clay_ball":28,"minecraft:wooden_pickaxe":1,"minecraft:gold_block":2,"minecraft:enchanted_book":1,"wom:stone_staff":1,"minecraft:stone_brick_stairs":3,"minecraft:brewing_stand":2,"minecraft:brick":3,"minecraft:string":11,"minecraft:moss_carpet":1,"minecraft:raw_copper":2,"minecraft:cracked_stone_bricks":11,"minecraft:candle":31,"minecraft:spruce_planks":3,"minecraft:beef":16,"minecraft:cobblestone_slab":3,"minecraft:calcite":11,"minecraft:lectern":3,"minecraft:chest":2,"irons_spellbooks:inscription_table":1,"minecraft:furnace":3,"minecraft:egg":5,"minecraft:beehive":6,"minecraft:raw_iron":10,"minecraft:torch":8,"minecraft:arrow":6,"minecraft:polished_granite_stairs":2,"minecraft:rotten_flesh":7,"soulslikeuniverse:estusflask":6,"minecraft:decorated_pot":2,"minecraft:deepslate_bricks":1,"minecraft:cyan_terracotta":1,"minecraft:saddle":1,"minecraft:totem_of_undying":1,"minecraft:mutton":8,"minecraft:white_wool":4,"minecraft:cobblestone":112,"minecraft:magma_block":2,"epicfight:stone_spear":2,"minecraft:basalt":2,"minecraft:leather":10,"minecraft:blackstone_slab":1,"minecraft:tuff":4,"minecraft:cobblestone_wall":1,"minecraft:gunpowder":7,"minecraft:cobblestone_stairs":1,"minecraft:dirt":14,"minecraft:red_carpet":14,"minecraft:bone":6,"minecraft:stone_bricks":17,"minecraft:wheat_seeds":8,"minecraft:spruce_wood":1,"minecraft:stone_pickaxe":1,"minecraft:moss_block":4,"minecraft:flowering_azalea":1,"minecraft:book":45,"minecraft:stone_brick_slab":4,"minecraft:gravel":2,"minecraft:amethyst_shard":4,"minecraft:white_bed":4,"minecraft:spruce_log":13,"minecraft:spider_eye":1,"minecraft:light_gray_concrete":6,"minecraft:polished_andesite":1,"minecraft:light_gray_terracotta":1,"minecraft:clay":1,"minecraft:writable_book":1,"minecraft:polished_granite_slab":2,"soulslikeuniverse:dagger":2,"minecraft:gray_wool":1,"minecraft:coal":60,"minecraft:ender_pearl":1}},"DataVersion":3465}