{"stats":{"minecraft:killed":{"minecraft:cave_spider":36,"minecraft:spider":3,"minecraft:skeleton":14,"soulslikeuniverse:hollowsoldiersword":2,"minecraft:silverfish":4,"minecraft:illusioner":1,"soulslikeuniverse:shadowassassin":1,"minecraft:zombie_villager":1,"soulslikeuniverse:prisoncampknight":1,"minecraft:creeper":5,"minecraft:sheep":5,"minecraft:pillager":1,"minecraft:zombie":18,"soulslikeuniverse:monstergodricksoldier":1,"minecraft:cow":7,"minecraft:evoker":3,"minecraft:vex":1,"minecraft:vindicator":7,"minecraft:horse":3,"minecraft:enderman":1},"minecraft:mined":{"minecraft:dark_oak_planks":2,"minecraft:polished_granite_slab":1,"minecraft:spruce_planks":9,"minecraft:white_bed":9,"minecraft:cobblestone_stairs":1,"minecraft:brewing_stand":1,"minecraft:carved_pumpkin":2,"minecraft:grass_block":15,"minecraft:infested_cobblestone":1,"minecraft:deepslate_bricks":1,"minecraft:blue_wool":1,"minecraft:spawner":4,"minecraft:magma_block":9,"minecraft:iron_ore":10,"minecraft:fire":1,"minecraft:moss_carpet":1,"minecraft:enchanting_table":1,"minecraft:oak_stairs":1,"minecraft:iron_bars":2,"minecraft:purple_carpet":14,"minecraft:green_carpet":3,"minecraft:spruce_wood":5,"minecraft:polished_granite_stairs":1,"minecraft:player_head":2,"minecraft:cyan_terracotta":1,"minecraft:amethyst_cluster":1,"minecraft:note_block":5,"minecraft:clay":12,"minecraft:torch":1,"minecraft:light_gray_terracotta":4,"minecraft:calcite":11,"minecraft:melon":14,"projectvibrantjourneys:natural_cobweb":1,"minecraft:cobblestone":29,"projectvibrantjourneys:fallen_leaves":1,"minecraft:bricks":16,"minecraft:damaged_anvil":4,"minecraft:wall_torch":7,"minecraft:skeleton_skull":1,"minecraft:stone_brick_stairs":7,"minecraft:grass":2,"projectvibrantjourneys:short_grass":9,"projectvibrantjourneys:pinecones":1,"minecraft:dirt":15,"minecraft:oak_leaves":3,"minecraft:tuff":4,"minecraft:red_carpet":14,"minecraft:candle":11,"projectvibrantjourneys:rocks":1,"minecraft:purple_terracotta":2,"minecraft:decorated_pot":3,"minecraft:polished_andesite_slab":1,"minecraft:spruce_leaves":3,"minecraft:moss_block":4,"minecraft:hay_block":43,"minecraft:furnace":5,"minecraft:andesite":1,"minecraft:gold_block":1,"minecraft:bookshelf":17,"minecraft:cobblestone_slab":3,"minecraft:stone":104,"irons_spellbooks:inscription_table":1,"minecraft:white_wool":2,"minecraft:red_wool":1,"minecraft:basalt":2,"minecraft:stone_brick_slab":6,"minecraft:crafting_table":7,"minecraft:blackstone_slab":1,"minecraft:lectern":3,"minecraft:copper_ore":1,"minecraft:spruce_stairs":1,"minecraft:purple_wool":4,"minecraft:coarse_dirt":3,"minecraft:stripped_spruce_wood":1,"minecraft:beehive":6,"minecraft:magenta_terracotta":4,"minecraft:spruce_log":24,"minecraft:coal_ore":61,"minecraft:gravel":2,"minecraft:cobweb":27,"minecraft:cracked_stone_bricks":9,"minecraft:stone_bricks":20,"minecraft:polished_andesite":1,"minecraft:fern":3,"minecraft:iron_trapdoor":1},"minecraft:used":{"minecraft:decorated_pot":2,"minecraft:chest":2,"minecraft:rotten_flesh":1,"minecraft:beehive":2,"minecraft:bricks":8,"wom:tormented_mind":450,"soulslikeuniverse:estusflask":4,"minecraft:stone_brick_stairs":1,"minecraft:stone_bricks":1,"minecraft:red_carpet":14,"minecraft:magma_block":1,"minecraft:furnace":5,"epicfight:skillbook":4,"minecraft:stone_pickaxe":207,"minecraft:wooden_pickaxe":26,"minecraft:clay":1,"minecraft:golden_hoe":32,"sophisticatedbackpacks:backpack":2,"minecraft:bread":23,"minecraft:melon_slice":53,"minecraft:gravel":2,"minecraft:diamond_sword":22,"soulslikeuniverse:dagger":212,"minecraft:coarse_dirt":3,"minecraft:purple_wool":1,"soulslikeuniverse:thornedknight_leggings":5,"minecraft:cobweb":4,"minecraft:stone_sword":9,"minecraft:spruce_planks":25,"minecraft:torch":23,"minecraft:dirt":28,"wom:stone_staff":18,"minecraft:stone_brick_slab":2,"minecraft:beef":3,"minecraft:magenta_terracotta":1,"minecraft:cooked_beef":9,"minecraft:iron_leggings":5,"minecraft:calcite":11,"minecraft:cooked_mutton":8,"minecraft:water_bucket":15,"minecraft:cracked_stone_bricks":1,"minecraft:crafting_table":7,"minecraft:white_bed":9,"minecraft:spruce_log":6,"minecraft:iron_pickaxe":152,"minecraft:stone_axe":45,"minecraft:cobblestone":100,"minecraft:bucket":16,"minecraft:candle":8},"minecraft:custom":{"minecraft:interact_with_crafting_table":24,"minecraft:open_barrel":83,"minecraft:leave_game":3,"minecraft:time_since_death":2999,"minecraft:sprint_one_cm":527362,"minecraft:drop":223,"minecraft:play_noteblock":5,"minecraft:play_time":243560,"minecraft:deaths":32,"minecraft:jump":1702,"minecraft:interact_with_brewingstand":1,"minecraft:walk_on_water_one_cm":18920,"minecraft:interact_with_furnace":18,"minecraft:sleep_in_bed":6,"minecraft:damage_dealt":26271,"minecraft:player_kills":4,"minecraft:crouch_one_cm":3545,"minecraft:horse_one_cm":4957,"minecraft:mob_kills":116,"minecraft:interact_with_anvil":2,"minecraft:climb_one_cm":11393,"minecraft:walk_one_cm":2338605,"minecraft:damage_dealt_absorbed":10504,"minecraft:sneak_time":2209,"minecraft:walk_under_water_one_cm":6805,"minecraft:interact_with_lectern":1,"minecraft:total_world_time":243560,"minecraft:tune_noteblock":2,"minecraft:time_since_rest":3155,"minecraft:damage_taken":10187,"minecraft:swim_one_cm":5967,"minecraft:fly_one_cm":163699,"minecraft:open_chest":33,"minecraft:fall_one_cm":43555},"minecraft:killed_by":{"irons_spellbooks:pyromancer":1,"soulslikeuniverse:fieldboss_mohg":2,"soulslikeuniverse:monstergodrickknight":1,"minecraft:vindicator":5,"minecraft:silverfish":2,"minecraft:cave_spider":1,"minecraft:zombie":5,"minecraft:vex":8,"minecraft:player":4,"minecraft:enderman":1,"soulslikeuniverse:monstergodricksoldier":1,"minecraft:skeleton":1},"minecraft:dropped":{"minecraft:moss_block":4,"minecraft:polished_granite_slab":2,"minecraft:cooked_beef":2,"minecraft:leather":2,"minecraft:cracked_stone_bricks":10,"minecraft:saddle":1,"minecraft:cobblestone_stairs":1,"minecraft:gold_block":1,"minecraft:cyan_terracotta":2,"minecraft:dirt":4,"minecraft:writable_book":1,"minecraft:gold_nugget":21,"minecraft:amethyst_shard":4,"minecraft:phantom_membrane":1,"minecraft:iron_pickaxe":1,"minecraft:purple_wool":3,"wom:tormented_mind":6,"minecraft:dark_oak_planks":1,"minecraft:white_wool":2,"minecraft:gold_ingot":8,"minecraft:bone":8,"minecraft:stone_axe":1,"wom:agony":1,"minecraft:wheat":3,"minecraft:rotten_flesh":28,"minecraft:beehive":4,"minecraft:gunpowder":19,"minecraft:leather_boots":2,"minecraft:blackstone_slab":1,"minecraft:basalt":2,"minecraft:iron_bars":2,"minecraft:arrow":11,"minecraft:beef":2,"minecraft:ghast_tear":1,"minecraft:stone_brick_stairs":1,"minecraft:purple_carpet":12,"minecraft:egg":10,"minecraft:enchanted_book":1,"minecraft:iron_ingot":21,"minecraft:purple_terracotta":2,"minecraft:shelter_pottery_sherd":1,"minecraft:wheat_seeds":8,"minecraft:cobblestone":2,"minecraft:book":8,"minecraft:apple":1,"epicfight:stone_spear":1,"minecraft:spruce_stairs":1,"minecraft:stick":2,"irons_spellbooks:scroll":5,"minecraft:gray_wool":1,"minecraft:brewing_stand":2,"minecraft:torch":1,"minecraft:melon_slice":51,"minecraft:green_carpet":1,"minecraft:flowering_azalea":1,"minecraft:lily_pad":1,"minecraft:stone_brick_slab":2,"minecraft:moss_carpet":1,"minecraft:player_head":3,"minecraft:cobblestone_wall":1,"minecraft:raw_copper":2,"minecraft:light_gray_terracotta":1,"minecraft:tuff":4,"soulslikeuniverse:dagger":4,"minecraft:experience_bottle":6,"minecraft:clay_ball":4,"minecraft:iron_boots":1,"wom:stone_staff":1,"minecraft:deepslate_bricks":1,"minecraft:diamond_sword":1,"minecraft:cobblestone_slab":3,"minecraft:polished_granite_stairs":2,"minecraft:spruce_planks":4,"minecraft:golden_leggings":1,"minecraft:stone_bricks":17,"minecraft:spider_eye":2,"minecraft:spruce_log":5,"minecraft:stone_pickaxe":2,"minecraft:wooden_pickaxe":2,"minecraft:red_tulip":2,"minecraft:magma_block":1,"epicfight:skillbook":2,"minecraft:brick":3},"minecraft:crafted":{"minecraft:cooked_mutton":8,"minecraft:chest":2,"sophisticatedbackpacks:backpack":2,"minecraft:crafting_table":1,"minecraft:spruce_planks":60,"minecraft:wooden_pickaxe":1,"minecraft:stick":20,"minecraft:iron_pickaxe":1,"minecraft:iron_ingot":10,"minecraft:gold_ingot":44,"minecraft:furnace":1,"minecraft:stone_pickaxe":2,"sophisticatedbackpacks:iron_backpack":1,"minecraft:wheat":378,"minecraft:cooked_beef":11,"sophisticatedbackpacks:gold_backpack":1,"minecraft:bucket":1,"minecraft:stone_axe":1,"minecraft:bread":126,"minecraft:air":0,"minecraft:white_bed":1,"minecraft:torch":16,"minecraft:golden_hoe":1},"minecraft:broken":{"minecraft:golden_helmet":1,"minecraft:stone_pickaxe":1,"minecraft:golden_hoe":1,"minecraft:stone_sword":1},"minecraft:picked_up":{"minecraft:iron_trapdoor":1,"minecraft:diamond_sword":1,"minecraft:enchanted_book":1,"wom:stone_staff":1,"minecraft:stone_brick_stairs":3,"minecraft:brewing_stand":2,"soulslikeuniverse:thornedknight_leggings":1,"minecraft:string":66,"minecraft:raw_copper":2,"soulslikeuniverse:hollowsoul":3,"minecraft:gold_nugget":10,"minecraft:spruce_planks":9,"minecraft:cobblestone_slab":3,"minecraft:calcite":11,"minecraft:iron_pickaxe":1,"minecraft:melon_slice":75,"irons_spellbooks:inscription_table":1,"minecraft:furnace":5,"minecraft:beehive":6,"soulslikeuniverse:spawnmagicwhitephantom":1,"minecraft:torch":8,"minecraft:spruce_stairs":1,"epicfight:skillbook":4,"irons_spellbooks:fire_rune":1,"soulslikeuniverse:estusflask":14,"minecraft:stone_sword":1,"wom:tormented_mind":5,"minecraft:rotten_flesh":34,"minecraft:red_tulip":2,"minecraft:cyan_terracotta":2,"minecraft:iron_bars":2,"minecraft:cobblestone":119,"minecraft:enchanting_table":1,"minecraft:magma_block":5,"epicfight:stone_spear":2,"paraglider:spirit_orb":8,"minecraft:tuff":4,"minecraft:magenta_terracotta":1,"minecraft:dirt":43,"minecraft:leather_boots":2,"minecraft:purple_carpet":12,"minecraft:bone":17,"minecraft:bow":1,"minecraft:wheat_seeds":9,"minecraft:moss_block":4,"minecraft:light_gray_terracotta":1,"minecraft:light_gray_concrete":6,"minecraft:polished_andesite":1,"minecraft:clay":1,"minecraft:writable_book":1,"minecraft:polished_granite_slab":2,"soulslikeuniverse:dagger":3,"minecraft:emerald":4,"minecraft:bricks":16,"soulslikeuniverse:assassin_leggings":1,"minecraft:coarse_dirt":3,"minecraft:charcoal":26,"minecraft:shelter_pottery_sherd":1,"minecraft:crafting_table":8,"minecraft:purple_wool":4,"minecraft:clay_ball":28,"minecraft:wooden_pickaxe":1,"minecraft:gold_block":2,"minecraft:brick":3,"minecraft:moss_carpet":1,"minecraft:cracked_stone_bricks":11,"minecraft:candle":31,"minecraft:beef":16,"minecraft:player_head":4,"minecraft:lectern":3,"minecraft:chest":2,"minecraft:phantom_membrane":1,"minecraft:egg":12,"minecraft:raw_iron":10,"projectvibrantjourneys:bark_mushroom":4,"minecraft:note_block":5,"minecraft:purple_terracotta":2,"minecraft:dark_oak_planks":1,"minecraft:polished_granite_stairs":2,"minecraft:arrow":20,"minecraft:decorated_pot":2,"minecraft:deepslate_bricks":1,"minecraft:hay_block":42,"minecraft:saddle":1,"minecraft:gold_ingot":8,"minecraft:totem_of_undying":5,"soulslikeuniverse:repairstone":1,"minecraft:mutton":8,"minecraft:white_wool":5,"minecraft:skeleton_skull":1,"minecraft:basalt":2,"minecraft:leather":13,"minecraft:blackstone_slab":1,"minecraft:lily_pad":1,"minecraft:gunpowder":9,"minecraft:cobblestone_wall":1,"minecraft:cobblestone_stairs":1,"minecraft:red_carpet":14,"minecraft:stone_bricks":19,"minecraft:spruce_wood":5,"minecraft:iron_ingot":20,"minecraft:stone_pickaxe":1,"minecraft:flowering_azalea":1,"minecraft:book":62,"minecraft:stone_brick_slab":4,"minecraft:gravel":2,"minecraft:amethyst_shard":4,"minecraft:spruce_sapling":2,"minecraft:white_bed":9,"minecraft:spruce_log":23,"minecraft:green_carpet":2,"minecraft:spider_eye":10,"minecraft:gray_wool":1,"soulslikeuniverse:knightsoul":1,"minecraft:damaged_anvil":3,"minecraft:coal":60,"minecraft:ender_pearl":2}},"DataVersion":3465}