{"stats":{"minecraft:used":{"minecraft:firework_rocket":75,"minecraft:flint_and_steel":2,"minecraft:birch_planks":16,"minecraft:stripped_oak_wood":5,"minecraft:jungle_planks":4,"minecraft:elytra":1,"minecraft:spruce_planks":17,"minecraft:obsidian":18},"minecraft:picked_up":{"minecraft:dark_oak_sapling":1},"minecraft:custom":{"minecraft:time_since_rest":1607,"minecraft:crouch_one_cm":429,"minecraft:sprint_one_cm":2074,"minecraft:play_time":29141,"minecraft:deaths":1,"minecraft:damage_taken":10,"minecraft:walk_one_cm":214075,"minecraft:sneak_time":159,"minecraft:walk_under_water_one_cm":11538,"minecraft:drop":1,"minecraft:aviate_one_cm":275411,"minecraft:jump":49,"minecraft:leave_game":1,"minecraft:walk_on_water_one_cm":655,"minecraft:time_since_death":1533,"minecraft:total_world_time":29141,"minecraft:fall_one_cm":478,"minecraft:fly_one_cm":113413},"minecraft:dropped":{"minecraft:dark_oak_sapling":1}},"DataVersion":3465}