{"stats":{"minecraft:custom":{"minecraft:mob_kills":220,"minecraft:interact_with_crafting_table":39,"minecraft:leave_game":8,"minecraft:time_since_death":74120,"minecraft:sprint_one_cm":803550,"minecraft:walk_one_cm":946472,"minecraft:damage_blocked_by_shield":780,"minecraft:drop":265,"minecraft:talked_to_villager":2,"minecraft:play_time":313645,"minecraft:sneak_time":1950,"minecraft:deaths":44,"minecraft:walk_under_water_one_cm":42772,"minecraft:boat_one_cm":309690,"minecraft:jump":5353,"minecraft:walk_on_water_one_cm":57844,"minecraft:total_world_time":313645,"minecraft:interact_with_furnace":81,"minecraft:sleep_in_bed":14,"minecraft:time_since_rest":3145,"minecraft:damage_taken":22253,"minecraft:open_enderchest":2,"minecraft:damage_dealt":32935,"minecraft:player_kills":9,"minecraft:swim_one_cm":94468,"minecraft:fly_one_cm":771882,"minecraft:open_chest":47,"minecraft:crouch_one_cm":1946,"minecraft:fall_one_cm":237035},"minecraft:crafted":{"minecraft:wooden_sword":1,"minecraft:oak_planks":136,"minecraft:furnace":4,"minecraft:diamond_shovel":1,"minecraft:cooked_mutton":5,"minecraft:bow":1,"minecraft:iron_boots":3,"minecraft:iron_axe":1,"minecraft:stone_pickaxe":1,"minecraft:chest":6,"minecraft:wheat":135,"minecraft:cooked_beef":31,"sophisticatedbackpacks:backpack":3,"minecraft:cooked_porkchop":42,"minecraft:diamond_axe":1,"minecraft:crafting_table":3,"minecraft:wooden_pickaxe":1,"minecraft:iron_helmet":3,"minecraft:iron_sword":2,"minecraft:bucket":1,"minecraft:bread":45,"minecraft:air":0,"minecraft:oak_boat":3,"minecraft:iron_chestplate":3,"minecraft:diamond_pickaxe":1,"minecraft:shield":1,"minecraft:stick":52,"minecraft:iron_ingot":92,"minecraft:iron_pickaxe":2,"minecraft:iron_leggings":2,"minecraft:white_bed":1,"minecraft:torch":128},"minecraft:mined":{"create:zinc_ore":59,"minecraft:large_amethyst_bud":1,"create:deepslate_zinc_ore":9,"minecraft:tuff":21,"farmersdelight:onions":1,"minecraft:white_bed":7,"minecraft:deepslate_diamond_ore":12,"tfmg:lignite":66,"minecraft:glow_lichen":1,"minecraft:budding_amethyst":2,"minecraft:granite":15,"minecraft:grass_block":2,"create:ochrum":67,"minecraft:redstone_wire":1,"vs_clockwork:wanderlite_deepslate_ore":5,"farmersdelight:wild_cabbages":9,"minecraft:spruce_leaves":3,"tfmg:nickel_ore":11,"minecraft:spawner":1,"farmersdelight:wild_onions":8,"minecraft:hay_block":30,"minecraft:furnace":10,"minecraft:iron_ore":102,"minecraft:fire":3,"minecraft:cobbled_deepslate":12,"minecraft:andesite":8,"minecraft:anvil":1,"minecraft:deepslate_lapis_ore":4,"supplementaries:gunpowder":1,"minecraft:deepslate_iron_ore":20,"minecraft:stone":98,"tfmg:deepslate_lead_ore":9,"minecraft:deepslate_redstone_ore":13,"minecraft:glass_pane":1,"tfmg:bauxite":1,"minecraft:red_bed":1,"minecraft:crafting_table":17,"minecraft:torch":6,"minecraft:calcite":5,"minecraft:chest":2,"minecraft:rose_bush":19,"supplementaries:wild_flax":4,"tfmg:lead_ore":13,"minecraft:tall_grass":13,"minecraft:deepslate_gold_ore":26,"minecraft:lapis_ore":3,"minecraft:oak_planks":1,"minecraft:sugar_cane":16,"minecraft:diorite":15,"minecraft:wall_torch":4,"minecraft:amethyst_block":20,"supplementaries:urn":34,"farmersdelight:wild_beetroots":1,"tfmg:galena":3,"minecraft:birch_leaves":1,"minecraft:white_carpet":4,"minecraft:spruce_log":7,"minecraft:yellow_bed":3,"minecraft:grass":122,"minecraft:coal_ore":194,"minecraft:oak_log":38,"minecraft:gravel":26,"minecraft:dirt":3,"minecraft:sand":42,"tfmg:deepslate_nickel_ore":7,"minecraft:sunflower":14,"minecraft:dripstone_block":1,"minecraft:cobweb":45,"minecraft:smooth_basalt":1,"tfmg:deepslate_lithium_ore":25,"minecraft:gold_ore":8,"minecraft:oak_leaves":14,"minecraft:deepslate":102},"minecraft:broken":{"minecraft:iron_boots":1,"minecraft:iron_chestplate":1,"minecraft:iron_leggings":1,"minecraft:iron_axe":1,"minecraft:iron_sword":2,"minecraft:iron_pickaxe":2,"minecraft:iron_helmet":1},"minecraft:used":{"minecraft:redstone":1,"minecraft:chest":2,"minecraft:shield":22,"minecraft:iron_sword":540,"minecraft:iron_chestplate":2,"minecraft:torch":154,"create:ochrum":12,"minecraft:dirt":3,"minecraft:tuff":8,"minecraft:snowball":7,"minecraft:granite":9,"minecraft:iron_axe":147,"minecraft:iron_helmet":2,"minecraft:iron_boots":2,"minecraft:gunpowder":1,"minecraft:beef":6,"minecraft:furnace":9,"minecraft:cooked_beef":8,"minecraft:cobbled_deepslate":84,"minecraft:iron_leggings":1,"minecraft:cooked_mutton":5,"farmersdelight:mutton_wrap":1,"minecraft:water_bucket":86,"minecraft:diorite":8,"minecraft:bundle":12,"minecraft:stone_pickaxe":39,"minecraft:oak_planks":2,"minecraft:wooden_pickaxe":11,"minecraft:diamond_axe":316,"farmersdelight:onion":1,"minecraft:sand":44,"minecraft:crafting_table":19,"minecraft:red_bed":1,"minecraft:white_bed":8,"railways:red_conductor_cap":2,"minecraft:oak_log":4,"minecraft:diamond_pickaxe":437,"minecraft:diamond_shovel":43,"minecraft:sunflower":2,"minecraft:bread":22,"minecraft:iron_pickaxe":502,"minecraft:suspicious_stew":1,"minecraft:cobblestone":25,"minecraft:wooden_sword":17,"minecraft:andesite":6,"minecraft:cooked_porkchop":42,"minecraft:bucket":87,"minecraft:yellow_bed":3,"minecraft:oak_boat":10},"minecraft:killed":{"minecraft:cave_spider":2,"minecraft:witch":1,"minecraft:spider":11,"minecraft:horse":10,"minecraft:skeleton":14,"minecraft:pig":45,"minecraft:iron_golem":1,"minecraft:creeper":7,"minecraft:sheep":4,"minecraft:pillager":1,"minecraft:zombie":44,"minecraft:enderman":1,"minecraft:cow":74},"minecraft:picked_up":{"minecraft:allium":30,"minecraft:crafting_table":18,"minecraft:anvil":1,"minecraft:suspicious_stew":4,"railways:red_conductor_cap":1,"farmersdelight:mutton_wrap":2,"minecraft:amethyst_block":40,"tfmg:raw_nickel":51,"minecraft:string":118,"minecraft:red_bed":3,"minecraft:wooden_sword":3,"minecraft:iron_leggings":1,"minecraft:white_carpet":4,"tfmg:bauxite":1,"minecraft:beetroot":1,"minecraft:cobbled_deepslate":224,"farmersdelight:cabbage":1,"minecraft:beef":206,"minecraft:rose_bush":16,"minecraft:oak_boat":8,"minecraft:calcite":5,"minecraft:iron_nugget":51,"vs_clockwork:wanderlite_crystal":10,"minecraft:iron_pickaxe":6,"minecraft:sugar_cane":90,"minecraft:chest":2,"minecraft:iron_boots":2,"farmersdelight:cabbage_seeds":10,"minecraft:furnace":15,"minecraft:egg":22,"minecraft:raw_iron":189,"minecraft:stick":31,"minecraft:torch":79,"minecraft:porkchop":118,"minecraft:diorite":16,"minecraft:carrot":1,"minecraft:redstone":117,"minecraft:arrow":32,"minecraft:rotten_flesh":93,"minecraft:beetroot_seeds":1,"farmersdelight:onion":11,"create:ochrum":68,"minecraft:hay_block":77,"supplementaries:ash":85,"minecraft:mutton":7,"minecraft:snowball":7,"minecraft:white_wool":28,"minecraft:cobblestone":145,"tfmg:raw_lithium":100,"minecraft:glow_ink_sac":1,"minecraft:water_bucket":3,"minecraft:andesite":11,"minecraft:leather":82,"minecraft:filled_map":14,"minecraft:flint":8,"minecraft:tuff":40,"create:raw_zinc":146,"minecraft:oak_log":100,"supplementaries:flax_seeds":8,"minecraft:yellow_bed":3,"minecraft:gunpowder":31,"tfmg:raw_lead":34,"minecraft:lapis_lazuli":122,"minecraft:dirt":5,"minecraft:bone":177,"minecraft:kelp":2,"minecraft:bow":4,"minecraft:wheat_seeds":18,"minecraft:raw_gold":86,"minecraft:iron_ingot":19,"minecraft:stone_pickaxe":2,"tfmg:galena":4,"minecraft:iron_sword":3,"minecraft:oak_planks":215,"minecraft:smooth_basalt":2,"tfmg:lignite":65,"minecraft:poisonous_potato":45,"minecraft:gravel":63,"minecraft:sand":44,"minecraft:spruce_sapling":4,"minecraft:white_bed":7,"minecraft:spruce_log":21,"minecraft:spider_eye":19,"minecraft:bundle":5,"minecraft:diamond":18,"minecraft:granite":34,"minecraft:diamond_axe":2,"minecraft:bread":7,"minecraft:emerald":20,"minecraft:coal":348,"minecraft:sunflower":4,"minecraft:diamond_pickaxe":4},"minecraft:killed_by":{"minecraft:player":11,"minecraft:iron_golem":4,"minecraft:drowned":2,"minecraft:skeleton":2},"minecraft:dropped":{"minecraft:water_bucket":1,"minecraft:iron_ingot":9,"minecraft:bread":7,"minecraft:iron_sword":3,"minecraft:porkchop":21,"minecraft:wheat_seeds":15,"minecraft:diamond_axe":2,"minecraft:oak_log":54,"tfmg:galena":1,"minecraft:crafting_table":2,"minecraft:poisonous_potato":45,"minecraft:iron_helmet":1,"minecraft:cobblestone":59,"minecraft:leather":10,"minecraft:amethyst_block":40,"minecraft:granite":23,"farmersdelight:mutton_wrap":1,"minecraft:flint":4,"minecraft:stick":22,"minecraft:dirt":2,"minecraft:red_bed":2,"minecraft:diorite":8,"minecraft:torch":16,"tfmg:lignite":1,"minecraft:iron_leggings":1,"minecraft:wooden_sword":2,"minecraft:sunflower":2,"minecraft:iron_pickaxe":5,"minecraft:string":11,"minecraft:white_wool":19,"create:raw_zinc":11,"minecraft:spruce_sapling":2,"minecraft:bone":145,"minecraft:smooth_basalt":2,"minecraft:gravel":63,"minecraft:furnace":8,"minecraft:kelp":2,"minecraft:sugar_cane":27,"create:ochrum":1,"minecraft:iron_nugget":3,"minecraft:cobbled_deepslate":36,"minecraft:bowl":1,"minecraft:tuff":16,"minecraft:raw_iron":38,"minecraft:beetroot":1,"minecraft:white_carpet":4,"minecraft:iron_boots":2,"minecraft:oak_planks":135,"tfmg:raw_lithium":50,"minecraft:suspicious_stew":2,"tfmg:raw_nickel":26,"minecraft:filled_map":14,"supplementaries:ash":39,"tfmg:bauxite":1,"minecraft:shield":1,"minecraft:gunpowder":7,"minecraft:allium":30,"minecraft:bundle":1,"minecraft:diamond_pickaxe":4,"minecraft:iron_chestplate":1,"minecraft:andesite":5,"minecraft:beetroot_seeds":1,"minecraft:spider_eye":16,"minecraft:spruce_log":14,"minecraft:stone_pickaxe":1,"minecraft:beef":25,"minecraft:wooden_pickaxe":1,"minecraft:raw_gold":10,"minecraft:calcite":5}},"DataVersion":3465}