{"stats":{"minecraft:used":{"minecraft:calcite":11,"epicfight:skillbook":1,"minecraft:chest":2,"minecraft:stone_pickaxe":95,"minecraft:spruce_planks":2,"minecraft:wooden_pickaxe":26,"minecraft:cracked_stone_bricks":1,"minecraft:dirt":1,"minecraft:crafting_table":1,"minecraft:beehive":2,"minecraft:spruce_log":6,"minecraft:stone_brick_slab":1,"minecraft:gravel":1,"minecraft:stone_axe":37,"minecraft:beef":3,"soulslikeuniverse:dagger":70,"minecraft:coarse_dirt":3,"minecraft:cobweb":4},"minecraft:custom":{"minecraft:mob_kills":9,"minecraft:interact_with_crafting_table":2,"minecraft:open_barrel":10,"minecraft:leave_game":1,"minecraft:time_since_death":9312,"minecraft:climb_one_cm":208,"minecraft:time_since_rest":9459,"minecraft:sprint_one_cm":26737,"minecraft:walk_one_cm":338664,"minecraft:damage_taken":936,"minecraft:drop":43,"minecraft:damage_dealt":1824,"minecraft:damage_dealt_absorbed":104,"minecraft:swim_one_cm":5746,"minecraft:fly_one_cm":9999,"minecraft:open_chest":5,"minecraft:crouch_one_cm":143,"minecraft:play_time":37414,"minecraft:deaths":3,"minecraft:sneak_time":132,"minecraft:walk_under_water_one_cm":849,"minecraft:interact_with_brewingstand":1,"minecraft:jump":200,"minecraft:walk_on_water_one_cm":2902,"minecraft:total_world_time":37414,"minecraft:fall_one_cm":5277},"minecraft:mined":{"minecraft:tuff":4,"minecraft:basalt":2,"minecraft:cobblestone_stairs":1,"minecraft:amethyst_cluster":1,"minecraft:stone_brick_slab":5,"minecraft:brewing_stand":1,"minecraft:clay":6,"minecraft:crafting_table":1,"minecraft:light_gray_terracotta":4,"minecraft:blackstone_slab":1,"minecraft:grass_block":3,"minecraft:calcite":11,"minecraft:infested_cobblestone":1,"minecraft:lectern":1,"projectvibrantjourneys:natural_cobweb":1,"minecraft:deepslate_bricks":1,"minecraft:polished_andesite_slab":1,"minecraft:cobblestone":9,"minecraft:moss_block":1,"minecraft:magma_block":4,"minecraft:coarse_dirt":3,"minecraft:stripped_spruce_wood":1,"minecraft:beehive":6,"minecraft:fire":1,"minecraft:spruce_log":15,"minecraft:moss_carpet":1,"minecraft:stone_brick_stairs":4,"minecraft:bookshelf":15,"projectvibrantjourneys:short_grass":4,"minecraft:cobblestone_slab":3,"projectvibrantjourneys:pinecones":1,"minecraft:gravel":1,"minecraft:dirt":1,"minecraft:cobweb":5,"minecraft:cracked_stone_bricks":5,"irons_spellbooks:inscription_table":1,"minecraft:stone_bricks":11,"minecraft:stone":37,"minecraft:oak_leaves":3,"minecraft:fern":3},"minecraft:crafted":{"minecraft:crafting_table":1,"minecraft:spruce_planks":20,"minecraft:wooden_pickaxe":1,"minecraft:furnace":1,"minecraft:stone_axe":1,"minecraft:stick":8,"minecraft:stone_pickaxe":1},"minecraft:killed_by":{"minecraft:silverfish":2,"irons_spellbooks:pyromancer":1},"minecraft:dropped":{"minecraft:moss_block":1,"minecraft:wheat_seeds":8,"minecraft:cobblestone_wall":1,"minecraft:light_gray_terracotta":1,"minecraft:tuff":4,"minecraft:rotten_flesh":2,"minecraft:clay_ball":4,"minecraft:apple":1,"minecraft:beehive":4,"minecraft:cracked_stone_bricks":4,"minecraft:stick":2,"minecraft:deepslate_bricks":1,"minecraft:cobblestone_stairs":1,"minecraft:dirt":1,"minecraft:cobblestone_slab":3,"minecraft:gray_wool":1,"minecraft:gunpowder":12,"minecraft:stone_bricks":8,"minecraft:basalt":2,"minecraft:blackstone_slab":1,"minecraft:flowering_azalea":1,"minecraft:phantom_membrane":1,"minecraft:wooden_pickaxe":2,"minecraft:beef":2,"minecraft:stone_pickaxe":1,"minecraft:stone_brick_stairs":1,"minecraft:stone_brick_slab":2,"minecraft:bone":1},"minecraft:picked_up":{"minecraft:crafting_table":1,"minecraft:coarse_dirt":3,"minecraft:basalt":2,"minecraft:clay_ball":4,"minecraft:leather":2,"minecraft:blackstone_slab":1,"minecraft:wooden_pickaxe":1,"minecraft:enchanted_book":1,"minecraft:gunpowder":5,"minecraft:stone_brick_stairs":1,"minecraft:tuff":4,"minecraft:brewing_stand":1,"minecraft:cobblestone_wall":1,"minecraft:cobblestone_stairs":1,"minecraft:dirt":2,"minecraft:string":8,"minecraft:moss_carpet":1,"minecraft:stone_bricks":8,"minecraft:cracked_stone_bricks":5,"minecraft:wheat_seeds":8,"minecraft:beef":9,"minecraft:stone_pickaxe":1,"minecraft:cobblestone_slab":3,"minecraft:calcite":11,"minecraft:lectern":1,"minecraft:moss_block":1,"minecraft:chest":2,"irons_spellbooks:inscription_table":1,"minecraft:flowering_azalea":1,"minecraft:egg":1,"minecraft:book":45,"minecraft:beehive":6,"minecraft:stone_brick_slab":3,"minecraft:gravel":1,"minecraft:amethyst_shard":4,"minecraft:spruce_log":13,"minecraft:light_gray_terracotta":1,"minecraft:deepslate_bricks":1,"minecraft:gray_wool":1,"minecraft:mutton":1,"minecraft:coal":1,"minecraft:cobblestone":38},"minecraft:killed":{"minecraft:sheep":1,"minecraft:pillager":1,"minecraft:silverfish":4,"minecraft:cow":3}},"DataVersion":3465}