{"stats":{"minecraft:used":{"minecraft:chest":4,"minecraft:shield":22,"minecraft:iron_sword":540,"minecraft:iron_chestplate":2,"securitycraft:keypad_item":1,"minecraft:tuff":8,"minecraft:obsidian":13,"minecraft:snowball":7,"minecraft:lava_bucket":43,"minecraft:birch_sapling":1,"minecraft:iron_helmet":2,"securitycraft:reinforced_andesite":3,"minecraft:furnace":18,"minecraft:golden_boots":1,"minecraft:diorite":8,"minecraft:stone_pickaxe":39,"minecraft:oak_planks":2,"minecraft:wooden_pickaxe":11,"minecraft:sugar_cane":2,"minecraft:diamond_axe":661,"create:mechanical_saw":3,"minecraft:white_wool":1,"minecraft:sand":46,"securitycraft:universal_block_remover":28,"railways:red_conductor_cap":2,"minecraft:heavy_weighted_pressure_plate":1,"minecraft:bread":47,"minecraft:oak_pressure_plate":3,"minecraft:iron_door":2,"minecraft:gravel":8,"minecraft:nether_wart_block":1,"minecraft:wooden_sword":17,"minecraft:andesite":19,"minecraft:oak_boat":15,"minecraft:redstone":1,"minecraft:netherrack":13,"securitycraft:reinforced_iron_bars":1,"minecraft:torch":177,"create:ochrum":12,"minecraft:dirt":28,"securitycraft:reinforced_stone":5,"minecraft:granite":10,"minecraft:iron_axe":147,"minecraft:iron_boots":2,"minecraft:glowstone":1,"minecraft:gunpowder":1,"minecraft:beef":6,"minecraft:cooked_beef":13,"minecraft:cobbled_deepslate":87,"minecraft:iron_leggings":2,"minecraft:calcite":1,"minecraft:cooked_mutton":5,"farmersdelight:mutton_wrap":1,"minecraft:water_bucket":121,"securitycraft:reinforced_cobblestone":1,"minecraft:bundle":12,"securitycraft:cobblestone_mine":3,"farmersdelight:onion":1,"minecraft:crafting_table":27,"minecraft:red_bed":1,"minecraft:white_bed":12,"minecraft:smoker":6,"minecraft:oak_log":4,"minecraft:diamond_pickaxe":1018,"minecraft:diamond_shovel":120,"minecraft:sunflower":3,"minecraft:iron_pickaxe":502,"minecraft:suspicious_stew":1,"minecraft:cobblestone":198,"minecraft:cooked_porkchop":54,"minecraft:bucket":164,"minecraft:yellow_bed":3,"create:hand_crank":4,"minecraft:dandelion":1},"minecraft:mined":{"minecraft:large_amethyst_bud":1,"create:deepslate_zinc_ore":9,"minecraft:white_bed":10,"tfmg:lignite":66,"minecraft:obsidian":17,"minecraft:granite":59,"minecraft:budding_amethyst":2,"minecraft:grass_block":45,"minecraft:oak_pressure_plate":1,"vs_clockwork:wanderlite_deepslate_ore":5,"tfmg:nickel_ore":11,"minecraft:spawner":1,"minecraft:glowstone":5,"minecraft:iron_ore":118,"minecraft:cobbled_deepslate":13,"minecraft:fire":13,"minecraft:deepslate_lapis_ore":4,"minecraft:anvil":1,"minecraft:deepslate_redstone_ore":13,"minecraft:red_bed":1,"minecraft:crimson_nylium":35,"minecraft:smoker":3,"minecraft:torch":9,"minecraft:calcite":6,"minecraft:chest":2,"supplementaries:wild_flax":4,"tfmg:lead_ore":13,"minecraft:cobblestone":11,"minecraft:sugar_cane":23,"minecraft:oak_planks":1,"minecraft:wall_torch":8,"minecraft:amethyst_block":20,"minecraft:nether_wart_block":1,"minecraft:grass":172,"minecraft:oak_log":38,"minecraft:sand":43,"minecraft:dirt":34,"minecraft:smooth_basalt":1,"tfmg:deepslate_lithium_ore":25,"minecraft:netherrack":10,"minecraft:oak_leaves":25,"minecraft:deepslate":102,"create:zinc_ore":62,"minecraft:nether_gold_ore":7,"minecraft:tuff":21,"farmersdelight:onions":1,"minecraft:deepslate_diamond_ore":12,"minecraft:glow_lichen":1,"minecraft:nether_bricks":1,"minecraft:crimson_roots":2,"create:ochrum":67,"minecraft:redstone_wire":1,"farmersdelight:wild_cabbages":9,"minecraft:spruce_leaves":3,"minecraft:crimson_stem":1,"minecraft:hay_block":30,"farmersdelight:wild_onions":8,"minecraft:heavy_weighted_pressure_plate":1,"minecraft:furnace":14,"minecraft:andesite":46,"supplementaries:gunpowder":16,"minecraft:deepslate_iron_ore":20,"minecraft:stone":411,"minecraft:white_wool":1,"tfmg:deepslate_lead_ore":9,"minecraft:glass_pane":1,"tfmg:bauxite":1,"minecraft:dandelion":1,"minecraft:crafting_table":23,"minecraft:rose_bush":19,"minecraft:tall_grass":17,"minecraft:lapis_ore":3,"minecraft:deepslate_gold_ore":26,"minecraft:diorite":25,"create:mechanical_saw":4,"supplementaries:urn":34,"farmersdelight:wild_beetroots":1,"tfmg:galena":3,"minecraft:white_carpet":4,"minecraft:spruce_log":7,"minecraft:birch_leaves":1,"minecraft:yellow_bed":3,"minecraft:coal_ore":238,"tfmg:deepslate_nickel_ore":7,"minecraft:sunflower":15,"minecraft:gravel":33,"minecraft:dripstone_block":1,"minecraft:cobweb":45,"minecraft:gold_ore":8},"minecraft:crafted":{"minecraft:oak_planks":236,"securitycraft:mine":3,"minecraft:oak_pressure_plate":2,"minecraft:cooked_chicken":2,"minecraft:stone":68,"securitycraft:keypad_item":1,"minecraft:diamond_shovel":1,"minecraft:heavy_weighted_pressure_plate":1,"minecraft:cooked_mutton":5,"securitycraft:laser_block":1,"minecraft:bow":1,"minecraft:iron_boots":3,"minecraft:chest":8,"minecraft:iron_door":3,"minecraft:golden_boots":2,"minecraft:smoker":2,"sophisticatedbackpacks:backpack":3,"minecraft:cooked_porkchop":144,"minecraft:diamond_axe":1,"minecraft:crafting_table":5,"minecraft:wooden_pickaxe":1,"minecraft:iron_helmet":3,"minecraft:book":25,"minecraft:iron_chestplate":3,"minecraft:paper":75,"minecraft:diamond_pickaxe":1,"minecraft:shield":1,"minecraft:stick":52,"minecraft:iron_ingot":160,"minecraft:iron_pickaxe":2,"minecraft:gold_ingot":2,"minecraft:shears":1,"securitycraft:universal_block_reinforcer_lvl1":1,"minecraft:wooden_sword":1,"minecraft:redstone":45,"minecraft:furnace":10,"minecraft:stone_button":68,"minecraft:iron_axe":1,"securitycraft:universal_block_remover":1,"minecraft:stone_pickaxe":1,"minecraft:redstone_block":6,"minecraft:wheat":135,"minecraft:cooked_beef":158,"minecraft:coal_block":18,"minecraft:crimson_planks":4,"minecraft:iron_sword":2,"minecraft:bucket":1,"securitycraft:cobblestone_mine":3,"minecraft:glowstone":3,"minecraft:bread":45,"minecraft:air":0,"minecraft:oak_boat":3,"minecraft:iron_leggings":3,"minecraft:white_bed":2,"minecraft:torch":128},"minecraft:picked_up":{"minecraft:suspicious_stew":4,"minecraft:anvil":1,"minecraft:amethyst_block":40,"minecraft:string":122,"minecraft:iron_leggings":1,"minecraft:beetroot":1,"minecraft:gold_nugget":25,"minecraft:cobbled_deepslate":227,"farmersdelight:cabbage":1,"minecraft:rose_bush":16,"minecraft:calcite":7,"vs_clockwork:wanderlite_crystal":10,"minecraft:iron_pickaxe":6,"minecraft:coal_block":18,"minecraft:furnace":19,"minecraft:iron_boots":2,"farmersdelight:cabbage_seeds":10,"minecraft:stick":41,"minecraft:torch":87,"minecraft:porkchop":184,"minecraft:diorite":28,"minecraft:rotten_flesh":100,"create:clipboard":1,"farmersdelight:onion":11,"create:ochrum":68,"supplementaries:ash":85,"minecraft:obsidian":17,"minecraft:snowball":7,"minecraft:cobblestone":505,"minecraft:birch_log":7,"minecraft:cooked_beef":33,"minecraft:water_bucket":3,"minecraft:andesite":49,"minecraft:smoker":6,"minecraft:flint":9,"minecraft:tuff":40,"create:raw_zinc":149,"supplementaries:flax_seeds":8,"tfmg:raw_lead":34,"minecraft:lapis_lazuli":122,"minecraft:dirt":77,"securitycraft:reinforced_stone_button":8,"minecraft:glass":8,"minecraft:bone":179,"minecraft:bow":5,"minecraft:wheat_seeds":28,"minecraft:raw_gold":86,"tfmg:galena":4,"minecraft:glowstone_dust":12,"minecraft:oak_planks":215,"minecraft:cooked_porkchop":13,"minecraft:oak_pressure_plate":1,"minecraft:poisonous_potato":45,"minecraft:sand":47,"securitycraft:reinforced_stone":14,"minecraft:bundle":5,"minecraft:diamond":18,"minecraft:granite":79,"minecraft:emerald":20,"minecraft:bread":9,"minecraft:oak_sapling":11,"minecraft:netherrack":43,"minecraft:crimson_roots":8,"minecraft:diamond_pickaxe":7,"minecraft:crafting_table":25,"minecraft:allium":30,"securitycraft:reinforced_granite":1,"railways:red_conductor_cap":1,"farmersdelight:mutton_wrap":2,"minecraft:heavy_weighted_pressure_plate":1,"tfmg:raw_nickel":51,"minecraft:red_bed":3,"minecraft:wooden_sword":3,"minecraft:white_carpet":4,"minecraft:glass_pane":16,"tfmg:bauxite":1,"minecraft:beef":254,"minecraft:oak_boat":14,"minecraft:iron_nugget":51,"minecraft:sugar_cane":107,"minecraft:chest":2,"minecraft:birch_sapling":3,"minecraft:egg":30,"minecraft:raw_iron":205,"securitycraft:reinforced_cobblestone":5,"securitycraft:reinforced_iron_bars":1,"minecraft:stone_button":3,"create:hand_crank":4,"minecraft:carrot":1,"minecraft:redstone":117,"minecraft:arrow":36,"minecraft:beetroot_seeds":1,"minecraft:nether_bricks":1,"minecraft:hay_block":77,"minecraft:gold_ingot":1,"minecraft:mutton":11,"minecraft:white_wool":32,"minecraft:crimson_stem":1,"minecraft:glow_ink_sac":1,"tfmg:raw_lithium":100,"minecraft:leather":114,"minecraft:filled_map":14,"minecraft:oak_log":123,"minecraft:nether_wart_block":1,"minecraft:yellow_bed":3,"minecraft:gunpowder":43,"minecraft:apple":3,"minecraft:kelp":2,"minecraft:iron_ingot":29,"minecraft:stone_pickaxe":2,"minecraft:iron_sword":3,"create:mechanical_saw":3,"minecraft:smooth_basalt":2,"securitycraft:reinforced_andesite":8,"tfmg:lignite":65,"minecraft:dandelion":1,"minecraft:gravel":71,"minecraft:spruce_sapling":4,"minecraft:white_bed":10,"minecraft:spruce_log":21,"minecraft:spider_eye":19,"minecraft:diamond_axe":2,"minecraft:coal":408,"minecraft:sunflower":5},"minecraft:broken":{"minecraft:iron_boots":2,"minecraft:iron_chestplate":2,"minecraft:iron_leggings":2,"minecraft:iron_sword":2,"minecraft:iron_axe":1,"minecraft:iron_pickaxe":2,"minecraft:iron_helmet":2},"minecraft:killed_by":{"minecraft:wither_skeleton":1,"minecraft:drowned":2,"minecraft:zombie":1,"minecraft:player":40,"minecraft:enderman":2,"minecraft:iron_golem":4,"minecraft:skeleton":2},"minecraft:dropped":{"minecraft:iron_sword":3,"minecraft:porkchop":21,"minecraft:diamond_axe":2,"minecraft:cooked_beef":18,"minecraft:oak_log":54,"tfmg:galena":1,"minecraft:crafting_table":2,"minecraft:leather":10,"farmersdelight:mutton_wrap":1,"minecraft:flint":4,"minecraft:emerald":1,"minecraft:dirt":2,"minecraft:red_bed":2,"tfmg:lignite":1,"minecraft:crimson_roots":8,"minecraft:wooden_sword":2,"minecraft:sunflower":2,"minecraft:sand":1,"minecraft:iron_pickaxe":5,"minecraft:white_wool":19,"minecraft:gold_ingot":1,"minecraft:bone":145,"minecraft:gravel":63,"minecraft:sugar_cane":27,"minecraft:iron_nugget":3,"minecraft:cobbled_deepslate":36,"minecraft:beetroot":1,"minecraft:oak_planks":135,"tfmg:raw_lithium":50,"supplementaries:ash":39,"minecraft:gunpowder":17,"minecraft:beetroot_seeds":1,"minecraft:beef":25,"minecraft:netherrack":30,"minecraft:golden_boots":1,"minecraft:water_bucket":1,"minecraft:iron_ingot":34,"minecraft:bread":9,"minecraft:wheat_seeds":16,"minecraft:poisonous_potato":45,"minecraft:iron_helmet":1,"minecraft:cobblestone":59,"minecraft:amethyst_block":40,"minecraft:granite":23,"minecraft:stick":22,"create:clipboard":1,"minecraft:diorite":10,"minecraft:torch":16,"minecraft:iron_leggings":1,"minecraft:string":11,"create:raw_zinc":11,"minecraft:spruce_sapling":2,"minecraft:smooth_basalt":2,"securitycraft:reinforced_stone":1,"minecraft:furnace":8,"minecraft:kelp":2,"create:ochrum":1,"minecraft:bowl":1,"minecraft:tuff":16,"minecraft:raw_iron":56,"minecraft:white_carpet":4,"minecraft:iron_boots":2,"minecraft:nether_bricks":1,"minecraft:suspicious_stew":2,"tfmg:raw_nickel":26,"minecraft:filled_map":14,"tfmg:bauxite":1,"minecraft:shield":1,"minecraft:allium":30,"minecraft:bundle":1,"minecraft:iron_chestplate":1,"minecraft:diamond_pickaxe":7,"minecraft:andesite":6,"minecraft:oak_boat":1,"minecraft:spider_eye":16,"minecraft:spruce_log":14,"minecraft:bow":1,"minecraft:stone_pickaxe":1,"minecraft:wooden_pickaxe":1,"minecraft:raw_gold":10,"minecraft:calcite":6},"minecraft:custom":{"minecraft:interact_with_crafting_table":79,"minecraft:leave_game":13,"minecraft:time_since_death":2514,"minecraft:sprint_one_cm":1143361,"minecraft:damage_blocked_by_shield":780,"minecraft:drop":295,"minecraft:talked_to_villager":2,"minecraft:play_time":484268,"minecraft:deaths":89,"minecraft:jump":7619,"minecraft:walk_on_water_one_cm":87653,"minecraft:interact_with_furnace":124,"minecraft:sleep_in_bed":19,"minecraft:open_enderchest":2,"minecraft:damage_dealt":47089,"minecraft:player_kills":25,"minecraft:crouch_one_cm":3906,"minecraft:interact_with_smoker":49,"minecraft:mob_kills":293,"minecraft:climb_one_cm":1110,"minecraft:walk_one_cm":1351878,"minecraft:sneak_time":11581,"minecraft:walk_under_water_one_cm":57650,"minecraft:boat_one_cm":491955,"minecraft:total_world_time":484268,"minecraft:time_since_rest":2540,"minecraft:damage_taken":32674,"minecraft:swim_one_cm":114087,"minecraft:fly_one_cm":1066588,"minecraft:open_chest":75,"minecraft:fall_one_cm":289547},"minecraft:killed":{"minecraft:cave_spider":2,"minecraft:witch":1,"minecraft:spider":13,"minecraft:skeleton":17,"minecraft:pig":73,"minecraft:iron_golem":1,"minecraft:creeper":7,"minecraft:sheep":7,"minecraft:pillager":1,"minecraft:zombie":47,"minecraft:donkey":1,"minecraft:cow":99,"minecraft:horse":17,"minecraft:enderman":1}},"DataVersion":3465}