{"stats":{"minecraft:killed":{"minecraft:evoker":1,"minecraft:spider":2,"minecraft:skeleton":3,"minecraft:horse":2,"minecraft:silverfish":4,"minecraft:creeper":1,"minecraft:sheep":5,"minecraft:pillager":1,"minecraft:zombie":6,"minecraft:enderman":1,"minecraft:cow":7},"minecraft:mined":{"minecraft:polished_granite_slab":1,"minecraft:red_carpet":14,"minecraft:tuff":4,"minecraft:white_bed":4,"minecraft:candle":11,"minecraft:cobblestone_stairs":1,"projectvibrantjourneys:rocks":1,"minecraft:brewing_stand":1,"minecraft:grass_block":9,"minecraft:infested_cobblestone":1,"minecraft:decorated_pot":3,"minecraft:deepslate_bricks":1,"minecraft:polished_andesite_slab":1,"minecraft:blue_wool":1,"minecraft:moss_block":4,"minecraft:magma_block":6,"minecraft:furnace":3,"minecraft:iron_ore":10,"minecraft:fire":1,"minecraft:andesite":1,"minecraft:moss_carpet":1,"minecraft:gold_block":1,"minecraft:iron_bars":2,"minecraft:purple_carpet":2,"minecraft:bookshelf":15,"minecraft:cobblestone_slab":3,"minecraft:oak_stairs":1,"minecraft:green_carpet":3,"minecraft:spruce_wood":1,"irons_spellbooks:inscription_table":1,"minecraft:stone":103,"minecraft:polished_granite_stairs":1,"minecraft:player_head":1,"minecraft:cyan_terracotta":1,"minecraft:amethyst_cluster":1,"minecraft:basalt":2,"minecraft:stone_brick_slab":6,"minecraft:clay":12,"minecraft:crafting_table":4,"minecraft:torch":1,"minecraft:light_gray_terracotta":4,"minecraft:blackstone_slab":1,"minecraft:calcite":11,"minecraft:lectern":3,"projectvibrantjourneys:natural_cobweb":1,"minecraft:copper_ore":1,"minecraft:cobblestone":23,"minecraft:wall_torch":7,"minecraft:purple_wool":2,"minecraft:coarse_dirt":3,"minecraft:stripped_spruce_wood":1,"minecraft:beehive":6,"minecraft:spruce_log":15,"minecraft:stone_brick_stairs":7,"minecraft:coal_ore":61,"projectvibrantjourneys:short_grass":4,"projectvibrantjourneys:pinecones":1,"minecraft:gravel":2,"minecraft:dirt":7,"minecraft:cobweb":5,"minecraft:cracked_stone_bricks":9,"minecraft:polished_andesite":1,"minecraft:stone_bricks":18,"minecraft:oak_leaves":3,"minecraft:fern":3},"minecraft:used":{"minecraft:chest":2,"minecraft:decorated_pot":2,"minecraft:spruce_planks":2,"minecraft:torch":20,"minecraft:dirt":2,"wom:stone_staff":18,"minecraft:beehive":2,"minecraft:stone_brick_slab":2,"wom:tormented_mind":7,"minecraft:stone_brick_stairs":1,"minecraft:magma_block":1,"minecraft:red_carpet":14,"minecraft:beef":3,"minecraft:furnace":3,"minecraft:cooked_beef":9,"minecraft:calcite":11,"minecraft:water_bucket":5,"minecraft:cooked_mutton":5,"epicfight:skillbook":1,"minecraft:stone_pickaxe":207,"minecraft:wooden_pickaxe":26,"minecraft:clay":1,"minecraft:cracked_stone_bricks":1,"minecraft:crafting_table":4,"minecraft:white_bed":4,"minecraft:spruce_log":6,"minecraft:iron_pickaxe":95,"minecraft:gravel":2,"minecraft:stone_axe":45,"minecraft:diamond_sword":3,"minecraft:cobblestone":45,"minecraft:bucket":6,"soulslikeuniverse:dagger":212,"minecraft:coarse_dirt":3,"minecraft:candle":8,"minecraft:cobweb":4},"minecraft:custom":{"minecraft:mob_kills":34,"minecraft:interact_with_crafting_table":8,"minecraft:open_barrel":28,"minecraft:leave_game":3,"minecraft:time_since_death":3302,"minecraft:climb_one_cm":1348,"minecraft:sprint_one_cm":146152,"minecraft:walk_one_cm":1032176,"minecraft:drop":114,"minecraft:damage_dealt_absorbed":644,"minecraft:play_time":111560,"minecraft:deaths":8,"minecraft:sneak_time":478,"minecraft:walk_under_water_one_cm":2606,"minecraft:interact_with_lectern":1,"minecraft:jump":731,"minecraft:interact_with_brewingstand":1,"minecraft:walk_on_water_one_cm":9164,"minecraft:total_world_time":111560,"minecraft:interact_with_furnace":13,"minecraft:sleep_in_bed":6,"minecraft:time_since_rest":3448,"minecraft:damage_taken":3188,"minecraft:damage_dealt":6477,"minecraft:swim_one_cm":5746,"minecraft:fly_one_cm":41981,"minecraft:open_chest":14,"minecraft:crouch_one_cm":818,"minecraft:fall_one_cm":12959,"minecraft:horse_one_cm":4957},"minecraft:killed_by":{"irons_spellbooks:pyromancer":1,"soulslikeuniverse:monstergodricksoldier":1,"minecraft:silverfish":2,"minecraft:skeleton":1,"minecraft:vex":3},"minecraft:dropped":{"minecraft:enchanted_book":1,"minecraft:moss_block":4,"minecraft:wheat_seeds":8,"minecraft:shelter_pottery_sherd":1,"minecraft:cooked_beef":2,"minecraft:polished_granite_slab":2,"minecraft:book":5,"minecraft:apple":1,"epicfight:stone_spear":1,"minecraft:cracked_stone_bricks":10,"minecraft:stick":2,"minecraft:cobblestone_stairs":1,"minecraft:gold_block":1,"minecraft:cyan_terracotta":2,"irons_spellbooks:scroll":5,"minecraft:dirt":1,"minecraft:gray_wool":1,"minecraft:brewing_stand":2,"minecraft:torch":1,"minecraft:writable_book":1,"minecraft:amethyst_shard":4,"minecraft:flowering_azalea":1,"minecraft:phantom_membrane":1,"minecraft:purple_wool":2,"wom:tormented_mind":1,"minecraft:white_wool":1,"minecraft:stone_brick_slab":2,"minecraft:bone":3,"minecraft:stone_axe":1,"minecraft:moss_carpet":1,"minecraft:player_head":2,"minecraft:cobblestone_wall":1,"soulslikeuniverse:dagger":3,"minecraft:raw_copper":2,"minecraft:light_gray_terracotta":1,"minecraft:tuff":4,"minecraft:rotten_flesh":2,"minecraft:clay_ball":4,"minecraft:iron_boots":1,"minecraft:beehive":4,"wom:stone_staff":1,"minecraft:deepslate_bricks":1,"minecraft:diamond_sword":1,"minecraft:polished_granite_stairs":2,"minecraft:cobblestone_slab":3,"minecraft:gunpowder":19,"minecraft:leather_boots":2,"minecraft:golden_leggings":1,"minecraft:spider_eye":1,"minecraft:stone_bricks":16,"minecraft:iron_bars":2,"minecraft:blackstone_slab":1,"minecraft:basalt":2,"minecraft:arrow":2,"minecraft:wooden_pickaxe":2,"minecraft:stone_pickaxe":2,"minecraft:beef":2,"minecraft:magma_block":1,"minecraft:ghast_tear":1,"minecraft:stone_brick_stairs":1,"minecraft:egg":5,"minecraft:purple_carpet":2,"minecraft:brick":3},"minecraft:crafted":{"minecraft:furnace":1,"minecraft:cooked_mutton":8,"minecraft:stone_pickaxe":2,"minecraft:chest":1,"minecraft:cooked_beef":11,"sophisticatedbackpacks:backpack":1,"minecraft:crafting_table":1,"minecraft:spruce_planks":28,"minecraft:wooden_pickaxe":1,"minecraft:bucket":1,"minecraft:stone_axe":1,"minecraft:air":0,"minecraft:stick":16,"minecraft:iron_ingot":10,"minecraft:iron_pickaxe":1,"minecraft:gold_ingot":9,"minecraft:white_bed":1,"minecraft:torch":16},"minecraft:broken":{"minecraft:stone_pickaxe":1},"minecraft:picked_up":{"minecraft:crafting_table":4,"minecraft:charcoal":26,"minecraft:shelter_pottery_sherd":1,"minecraft:coarse_dirt":3,"minecraft:purple_wool":2,"minecraft:clay_ball":28,"minecraft:diamond_sword":1,"minecraft:wooden_pickaxe":1,"minecraft:gold_block":2,"minecraft:enchanted_book":1,"wom:stone_staff":1,"minecraft:stone_brick_stairs":3,"minecraft:brewing_stand":2,"minecraft:brick":3,"minecraft:string":12,"minecraft:moss_carpet":1,"minecraft:raw_copper":2,"minecraft:cracked_stone_bricks":11,"minecraft:candle":31,"minecraft:spruce_planks":3,"minecraft:beef":16,"minecraft:player_head":2,"minecraft:cobblestone_slab":3,"minecraft:calcite":11,"minecraft:lectern":3,"minecraft:chest":2,"irons_spellbooks:inscription_table":1,"minecraft:furnace":3,"minecraft:egg":10,"minecraft:beehive":6,"minecraft:raw_iron":10,"projectvibrantjourneys:bark_mushroom":2,"minecraft:torch":8,"wom:tormented_mind":1,"minecraft:arrow":8,"minecraft:polished_granite_stairs":2,"minecraft:rotten_flesh":7,"soulslikeuniverse:estusflask":6,"minecraft:decorated_pot":2,"minecraft:deepslate_bricks":1,"minecraft:cyan_terracotta":2,"minecraft:saddle":1,"minecraft:totem_of_undying":3,"minecraft:mutton":8,"minecraft:iron_bars":2,"minecraft:white_wool":4,"minecraft:cobblestone":112,"minecraft:magma_block":2,"epicfight:stone_spear":2,"minecraft:basalt":2,"minecraft:leather":10,"minecraft:blackstone_slab":1,"minecraft:tuff":4,"minecraft:cobblestone_wall":1,"minecraft:gunpowder":7,"minecraft:cobblestone_stairs":1,"minecraft:dirt":14,"minecraft:purple_carpet":2,"minecraft:leather_boots":2,"minecraft:red_carpet":14,"minecraft:bone":8,"minecraft:stone_bricks":17,"minecraft:wheat_seeds":8,"minecraft:spruce_wood":1,"minecraft:stone_pickaxe":1,"minecraft:moss_block":4,"minecraft:flowering_azalea":1,"minecraft:book":53,"minecraft:stone_brick_slab":4,"minecraft:gravel":2,"minecraft:amethyst_shard":4,"minecraft:white_bed":4,"minecraft:spruce_log":13,"minecraft:green_carpet":1,"minecraft:spider_eye":1,"minecraft:light_gray_concrete":6,"minecraft:polished_andesite":1,"minecraft:light_gray_terracotta":1,"minecraft:clay":1,"minecraft:writable_book":1,"minecraft:polished_granite_slab":2,"soulslikeuniverse:dagger":3,"minecraft:gray_wool":1,"minecraft:coal":60,"minecraft:ender_pearl":1}},"DataVersion":3465}