{"stats":{"minecraft:used":{"minecraft:firework_rocket":75,"minecraft:flint_and_steel":2,"minecraft:tnt":7,"minecraft:birch_planks":16,"minecraft:stripped_oak_wood":5,"minecraft:jungle_planks":4,"minecraft:elytra":1,"minecraft:spruce_planks":17,"minecraft:redstone_block":1,"minecraft:obsidian":18},"minecraft:picked_up":{"minecraft:dark_oak_sapling":1,"create:netherite_diving_helmet":1,"create:netherite_diving_boots":1,"minecraft:netherite_leggings":1,"create:netherite_backtank":1},"minecraft:custom":{"minecraft:open_chest":3,"minecraft:time_since_rest":37607,"minecraft:crouch_one_cm":499,"minecraft:sprint_one_cm":5712,"minecraft:play_time":65141,"minecraft:deaths":1,"minecraft:damage_taken":10,"minecraft:walk_one_cm":224216,"minecraft:sneak_time":213,"minecraft:walk_under_water_one_cm":15232,"minecraft:drop":5,"minecraft:aviate_one_cm":275411,"minecraft:jump":73,"minecraft:leave_game":1,"minecraft:walk_on_water_one_cm":766,"minecraft:time_since_death":37533,"minecraft:total_world_time":65141,"minecraft:fall_one_cm":478,"minecraft:fly_one_cm":257905},"minecraft:dropped":{"minecraft:dark_oak_sapling":1,"minecraft:netherite_boots":1,"minecraft:netherite_chestplate":1,"minecraft:netherite_leggings":1,"minecraft:netherite_helmet":1}},"DataVersion":3465}