{"stats":{"minecraft:mined":{"untamedwilds:block_burrow":1,"minecraft:sugar_cane":5},"minecraft:custom":{"minecraft:jump":62,"minecraft:time_since_rest":8710,"minecraft:leave_game":1,"minecraft:damage_taken":42,"minecraft:play_time":8710,"minecraft:walk_on_water_one_cm":4697,"minecraft:time_since_death":8710,"minecraft:walk_one_cm":33428,"minecraft:climb_one_cm":272,"minecraft:total_world_time":8710,"minecraft:walk_under_water_one_cm":3438,"minecraft:fall_one_cm":478,"minecraft:fly_one_cm":27},"minecraft:picked_up":{"minecraft:sugar_cane":7}},"DataVersion":2975}