{"stats":{"minecraft:used":{"minecraft:elytra":1,"minecraft:firework_rocket":29,"minecraft:flint_and_steel":2,"minecraft:obsidian":18},"minecraft:picked_up":{"minecraft:dark_oak_sapling":1},"minecraft:custom":{"minecraft:jump":32,"minecraft:time_since_rest":17141,"minecraft:damage_taken":10,"minecraft:crouch_one_cm":421,"minecraft:leave_game":1,"minecraft:play_time":17141,"minecraft:sprint_one_cm":1841,"minecraft:time_since_death":17141,"minecraft:walk_on_water_one_cm":573,"minecraft:walk_one_cm":35375,"minecraft:sneak_time":148,"minecraft:total_world_time":17141,"minecraft:walk_under_water_one_cm":4094,"minecraft:drop":1,"minecraft:fall_one_cm":478,"minecraft:fly_one_cm":59174,"minecraft:aviate_one_cm":120167},"minecraft:dropped":{"minecraft:dark_oak_sapling":1}},"DataVersion":3465}