{"stats":{"minecraft:crafted":{"minecraft:cooked_mutton":8,"minecraft:chest":2,"sophisticatedbackpacks:backpack":2,"minecraft:crafting_table":1,"minecraft:spruce_planks":60,"minecraft:wooden_pickaxe":1,"minecraft:stick":20,"minecraft:iron_ingot":10,"minecraft:iron_pickaxe":1,"minecraft:gold_ingot":44,"minecraft:furnace":1,"minecraft:stone_pickaxe":2,"minecraft:wheat":378,"sophisticatedbackpacks:iron_backpack":1,"minecraft:cooked_beef":11,"sophisticatedbackpacks:gold_backpack":1,"minecraft:bucket":1,"minecraft:stone_axe":1,"minecraft:bread":126,"minecraft:air":0,"minecraft:white_bed":1,"minecraft:torch":16,"minecraft:golden_hoe":1},"minecraft:killed_by":{"irons_spellbooks:pyromancer":1,"soulslikeuniverse:fieldboss_mohg":8,"soulslikeuniverse:patches":2,"soulslikeuniverse:monstergodrickknight":2,"soulslikeuniverse:fieldboss_countrobert":1,"soulslikeuniverse:hollowsoldier":1,"minecraft:vindicator":5,"minecraft:silverfish":2,"minecraft:cave_spider":1,"soulslikeuniverse:nobleknight":1,"soulslikeuniverse:havel":1,"minecraft:zombie":6,"soulslikeuniverse:castleguard":1,"soulslikeuniverse:thief":1,"soulslikeuniverse:monstercrusader":1,"soulslikeuniverse:fieldboss_elemer":2,"minecraft:vex":8,"minecraft:player":9,"soulslikeuniverse:fieldboss_crucibleknight":4,"minecraft:enderman":1,"soulslikeuniverse:monstergodricksoldier":2,"irons_spellbooks:necromancer":2,"minecraft:skeleton":7},"minecraft:used":{"minecraft:decorated_pot":2,"minecraft:chest":2,"minecraft:rotten_flesh":1,"minecraft:beehive":2,"minecraft:bricks":8,"wom:tormented_mind":482,"soulslikeuniverse:estusflask":13,"minecraft:stone_brick_stairs":1,"minecraft:stone_bricks":1,"minecraft:magma_block":1,"minecraft:red_carpet":14,"minecraft:bow":7,"minecraft:sweet_berries":7,"minecraft:furnace":5,"minecraft:egg":1,"epicfight:skillbook":4,"minecraft:stone_pickaxe":207,"minecraft:wooden_pickaxe":26,"minecraft:clay":1,"minecraft:golden_hoe":32,"sophisticatedbackpacks:backpack":2,"minecraft:melon_slice":53,"minecraft:bread":56,"minecraft:gravel":2,"minecraft:diamond_sword":170,"soulslikeuniverse:dagger":212,"minecraft:coarse_dirt":3,"soulslikeuniverse:thornedknight_leggings":5,"minecraft:purple_wool":1,"minecraft:cobweb":4,"minecraft:stone_sword":9,"minecraft:spruce_planks":25,"minecraft:torch":23,"minecraft:dirt":41,"wom:stone_staff":18,"minecraft:stone_brick_slab":2,"minecraft:beef":3,"minecraft:magenta_terracotta":1,"minecraft:cooked_beef":9,"minecraft:iron_leggings":5,"minecraft:calcite":11,"minecraft:cooked_mutton":8,"minecraft:water_bucket":17,"minecraft:cracked_stone_bricks":1,"minecraft:crafting_table":7,"minecraft:white_bed":9,"minecraft:spruce_log":6,"minecraft:iron_pickaxe":180,"minecraft:stone_axe":45,"minecraft:cobblestone":110,"minecraft:bucket":17,"minecraft:candle":8},"minecraft:custom":{"minecraft:interact_with_crafting_table":24,"minecraft:open_barrel":84,"minecraft:eat_cake_slice":5,"minecraft:leave_game":5,"minecraft:time_since_death":846,"minecraft:sprint_one_cm":1631373,"minecraft:drop":310,"minecraft:play_noteblock":5,"minecraft:play_time":370258,"minecraft:deaths":70,"minecraft:jump":3360,"minecraft:interact_with_brewingstand":1,"minecraft:walk_on_water_one_cm":30340,"minecraft:interact_with_furnace":18,"minecraft:sleep_in_bed":6,"minecraft:damage_dealt":34309,"minecraft:player_kills":8,"minecraft:crouch_one_cm":3724,"minecraft:horse_one_cm":4957,"minecraft:interact_with_anvil":2,"minecraft:mob_kills":146,"minecraft:climb_one_cm":15029,"minecraft:walk_one_cm":3739000,"minecraft:damage_dealt_absorbed":11368,"minecraft:sneak_time":5517,"minecraft:walk_under_water_one_cm":18754,"minecraft:interact_with_lectern":1,"minecraft:total_world_time":370258,"minecraft:tune_noteblock":2,"minecraft:time_since_rest":1910,"minecraft:damage_taken":19489,"minecraft:swim_one_cm":40180,"minecraft:fly_one_cm":517194,"minecraft:open_chest":40,"minecraft:fall_one_cm":74690},"minecraft:mined":{"minecraft:dark_oak_planks":2,"minecraft:polished_granite_slab":1,"minecraft:spruce_planks":9,"minecraft:white_bed":9,"minecraft:cobblestone_stairs":1,"minecraft:brewing_stand":1,"minecraft:carved_pumpkin":2,"minecraft:grass_block":19,"minecraft:infested_cobblestone":1,"minecraft:deepslate_bricks":1,"minecraft:blue_wool":1,"minecraft:spawner":4,"minecraft:magma_block":9,"minecraft:iron_ore":10,"minecraft:fire":1,"minecraft:moss_carpet":2,"minecraft:enchanting_table":1,"minecraft:oak_stairs":1,"minecraft:iron_bars":2,"minecraft:purple_carpet":14,"minecraft:green_carpet":3,"minecraft:spruce_wood":5,"minecraft:polished_granite_stairs":1,"minecraft:player_head":2,"minecraft:cyan_terracotta":1,"minecraft:amethyst_cluster":1,"minecraft:clay":12,"minecraft:torch":1,"minecraft:note_block":5,"minecraft:light_gray_terracotta":4,"projectvibrantjourneys:twigs":1,"minecraft:calcite":11,"minecraft:melon":14,"projectvibrantjourneys:natural_cobweb":1,"minecraft:cobblestone":30,"projectvibrantjourneys:fallen_leaves":1,"minecraft:oak_planks":1,"minecraft:damaged_anvil":4,"minecraft:bricks":16,"minecraft:wall_torch":7,"minecraft:skeleton_skull":1,"minecraft:stone_brick_stairs":8,"minecraft:grass":2,"projectvibrantjourneys:short_grass":24,"projectvibrantjourneys:pinecones":1,"minecraft:dirt":27,"minecraft:oak_leaves":3,"minecraft:red_carpet":14,"minecraft:tuff":4,"minecraft:candle":11,"projectvibrantjourneys:rocks":1,"minecraft:purple_terracotta":2,"minecraft:decorated_pot":3,"minecraft:polished_andesite_slab":1,"minecraft:spruce_leaves":3,"minecraft:moss_block":4,"minecraft:hay_block":43,"minecraft:furnace":5,"minecraft:acacia_wood":1,"minecraft:andesite":1,"minecraft:stripped_spruce_log":1,"minecraft:gold_block":1,"minecraft:bookshelf":17,"minecraft:cobblestone_slab":3,"irons_spellbooks:inscription_table":1,"minecraft:stone":122,"minecraft:white_wool":2,"minecraft:red_wool":1,"minecraft:basalt":2,"minecraft:stone_brick_slab":6,"minecraft:crafting_table":7,"minecraft:blackstone_slab":1,"minecraft:lectern":3,"minecraft:copper_ore":1,"minecraft:spruce_stairs":1,"minecraft:purple_wool":4,"minecraft:coarse_dirt":3,"minecraft:stripped_spruce_wood":1,"minecraft:beehive":6,"minecraft:magenta_terracotta":4,"minecraft:sweet_berry_bush":8,"minecraft:spruce_log":24,"minecraft:coal_ore":61,"minecraft:gravel":2,"minecraft:cobweb":27,"minecraft:cracked_stone_bricks":9,"minecraft:polished_andesite":1,"minecraft:stone_bricks":24,"minecraft:iron_trapdoor":1,"minecraft:fern":4},"minecraft:broken":{"minecraft:golden_helmet":1,"minecraft:diamond_helmet":1,"minecraft:iron_chestplate":1,"minecraft:iron_leggings":1,"minecraft:stone_pickaxe":1,"minecraft:diamond_boots":1,"minecraft:bow":1,"minecraft:golden_hoe":1,"minecraft:stone_sword":1},"minecraft:picked_up":{"minecraft:iron_trapdoor":1,"minecraft:diamond_sword":1,"minecraft:enchanted_book":1,"wom:stone_staff":1,"minecraft:stone_brick_stairs":4,"minecraft:brewing_stand":2,"soulslikeuniverse:thornedknight_leggings":1,"minecraft:string":66,"minecraft:raw_copper":2,"soulslikeuniverse:hollowsoul":6,"minecraft:gold_nugget":10,"minecraft:spruce_planks":9,"minecraft:cobblestone_slab":3,"minecraft:calcite":11,"minecraft:iron_pickaxe":1,"minecraft:melon_slice":75,"irons_spellbooks:inscription_table":1,"minecraft:furnace":5,"minecraft:beehive":6,"soulslikeuniverse:spawnmagicwhitephantom":1,"minecraft:torch":8,"minecraft:spruce_stairs":1,"epicfight:skillbook":5,"irons_spellbooks:fire_rune":1,"minecraft:stone_sword":1,"wom:tormented_mind":5,"minecraft:rotten_flesh":70,"soulslikeuniverse:estusflask":22,"minecraft:cyan_terracotta":2,"minecraft:red_tulip":2,"minecraft:iron_bars":2,"minecraft:cobblestone":138,"minecraft:enchanting_table":1,"minecraft:magma_block":5,"epicfight:stone_spear":2,"minecraft:feather":2,"minecraft:water_bucket":1,"paraglider:spirit_orb":8,"minecraft:tuff":4,"minecraft:magenta_terracotta":1,"minecraft:dirt":73,"soulslikeuniverse:legendarymace":1,"minecraft:purple_carpet":12,"minecraft:leather_boots":2,"minecraft:bone":25,"minecraft:bow":2,"minecraft:wheat_seeds":15,"minecraft:moss_block":4,"minecraft:oak_planks":1,"minecraft:ghast_tear":1,"minecraft:light_gray_terracotta":1,"minecraft:light_gray_concrete":6,"minecraft:polished_andesite":1,"minecraft:clay":1,"minecraft:writable_book":1,"minecraft:polished_granite_slab":2,"soulslikeuniverse:dagger":3,"minecraft:emerald":4,"minecraft:bread":9,"minecraft:bricks":16,"minecraft:charcoal":28,"minecraft:coarse_dirt":3,"soulslikeuniverse:assassin_leggings":1,"minecraft:shelter_pottery_sherd":1,"minecraft:crafting_table":8,"minecraft:purple_wool":4,"minecraft:chicken":1,"minecraft:clay_ball":28,"minecraft:wooden_pickaxe":1,"minecraft:gold_block":2,"minecraft:brick":3,"minecraft:moss_carpet":2,"minecraft:cracked_stone_bricks":11,"minecraft:candle":31,"minecraft:beef":18,"minecraft:player_head":4,"minecraft:lectern":3,"minecraft:chest":2,"minecraft:phantom_membrane":1,"minecraft:egg":15,"minecraft:raw_iron":10,"projectvibrantjourneys:bark_mushroom":6,"minecraft:note_block":5,"minecraft:purple_terracotta":2,"minecraft:dark_oak_planks":1,"minecraft:polished_granite_stairs":2,"minecraft:arrow":36,"minecraft:decorated_pot":2,"minecraft:deepslate_bricks":1,"minecraft:hay_block":42,"minecraft:totem_of_undying":5,"minecraft:saddle":2,"minecraft:gold_ingot":8,"soulslikeuniverse:repairstone":6,"minecraft:mutton":8,"minecraft:skeleton_skull":1,"minecraft:white_wool":5,"minecraft:basalt":2,"minecraft:leather":17,"minecraft:blackstone_slab":1,"minecraft:acacia_wood":1,"minecraft:lily_pad":1,"minecraft:cobblestone_wall":1,"minecraft:gunpowder":12,"minecraft:cobblestone_stairs":1,"soulslikeuniverse:spellstone":1,"minecraft:red_carpet":14,"minecraft:stone_bricks":23,"minecraft:spruce_wood":5,"minecraft:iron_ingot":20,"minecraft:stone_pickaxe":1,"minecraft:iron_sword":2,"minecraft:flowering_azalea":1,"minecraft:book":62,"minecraft:black_candle":1,"minecraft:sweet_berries":17,"minecraft:stone_brick_slab":4,"minecraft:gravel":2,"minecraft:amethyst_shard":4,"minecraft:spruce_sapling":2,"minecraft:white_bed":9,"minecraft:spruce_log":26,"minecraft:green_carpet":2,"minecraft:spider_eye":12,"minecraft:gray_wool":2,"soulslikeuniverse:knightsoul":2,"projectvibrantjourneys:twigs":1,"minecraft:damaged_anvil":3,"minecraft:coal":60,"minecraft:ender_pearl":2},"minecraft:killed":{"minecraft:cave_spider":36,"minecraft:spider":5,"minecraft:skeleton":17,"minecraft:silverfish":4,"soulslikeuniverse:hollowsoldiersword":2,"minecraft:illusioner":1,"soulslikeuniverse:shadowassassin":1,"minecraft:zombie_villager":1,"soulslikeuniverse:prisoncampknight":1,"minecraft:creeper":7,"minecraft:sheep":5,"minecraft:pillager":1,"minecraft:zombie":34,"soulslikeuniverse:monstergodricksoldier":1,"minecraft:cow":8,"minecraft:vex":1,"minecraft:evoker":3,"minecraft:vindicator":7,"minecraft:horse":3,"soulslikeuniverse:thief":2,"soulslikeuniverse:monsterhollow":3,"soulslikeuniverse:nobleknight":1,"minecraft:enderman":1},"minecraft:dropped":{"minecraft:iron_sword":2,"minecraft:acacia_wood":1,"minecraft:moss_block":4,"minecraft:cooked_beef":2,"minecraft:polished_granite_slab":2,"minecraft:leather":2,"minecraft:cracked_stone_bricks":10,"minecraft:saddle":1,"minecraft:cobblestone_stairs":1,"minecraft:gold_block":1,"minecraft:cyan_terracotta":2,"minecraft:dirt":21,"minecraft:writable_book":1,"minecraft:gold_nugget":21,"minecraft:amethyst_shard":4,"minecraft:phantom_membrane":1,"minecraft:iron_pickaxe":1,"minecraft:purple_wool":3,"wom:tormented_mind":6,"minecraft:dark_oak_planks":1,"minecraft:white_wool":2,"projectvibrantjourneys:bark_mushroom":2,"minecraft:gold_ingot":8,"minecraft:bone":14,"minecraft:stone_axe":1,"wom:agony":1,"minecraft:wheat":3,"minecraft:rotten_flesh":66,"minecraft:beehive":4,"minecraft:gunpowder":22,"minecraft:charcoal":2,"minecraft:leather_boots":2,"minecraft:blackstone_slab":1,"minecraft:basalt":2,"minecraft:iron_bars":2,"minecraft:arrow":31,"minecraft:beef":2,"minecraft:ghast_tear":1,"minecraft:stone_brick_stairs":2,"minecraft:purple_carpet":12,"minecraft:egg":12,"minecraft:bread":9,"minecraft:enchanted_book":1,"minecraft:water_bucket":1,"minecraft:iron_ingot":21,"minecraft:purple_terracotta":2,"minecraft:wheat_seeds":15,"minecraft:shelter_pottery_sherd":1,"minecraft:feather":2,"minecraft:cobblestone":11,"minecraft:book":8,"minecraft:apple":1,"epicfight:stone_spear":1,"minecraft:spruce_stairs":1,"minecraft:stick":2,"irons_spellbooks:scroll":5,"minecraft:gray_wool":1,"minecraft:brewing_stand":2,"minecraft:torch":1,"minecraft:melon_slice":51,"minecraft:green_carpet":1,"minecraft:flowering_azalea":1,"minecraft:string":1,"minecraft:lily_pad":1,"minecraft:stone_brick_slab":2,"minecraft:moss_carpet":2,"minecraft:sweet_berries":7,"minecraft:player_head":3,"minecraft:cobblestone_wall":1,"minecraft:raw_copper":2,"minecraft:light_gray_terracotta":1,"soulslikeuniverse:dagger":4,"minecraft:tuff":4,"minecraft:experience_bottle":6,"minecraft:chicken":1,"minecraft:clay_ball":4,"minecraft:iron_boots":1,"wom:stone_staff":1,"minecraft:deepslate_bricks":1,"minecraft:diamond_sword":1,"minecraft:cobblestone_slab":3,"minecraft:polished_granite_stairs":2,"minecraft:spruce_planks":4,"minecraft:golden_leggings":1,"minecraft:spider_eye":4,"minecraft:stone_bricks":17,"minecraft:spruce_log":5,"minecraft:bow":1,"minecraft:stone_pickaxe":2,"minecraft:wooden_pickaxe":2,"minecraft:red_tulip":2,"minecraft:magma_block":1,"epicfight:skillbook":2,"minecraft:brick":3}},"DataVersion":3465}