{"stats":{"minecraft:used":{"minecraft:calcite":11,"epicfight:skillbook":1,"minecraft:stone_pickaxe":51,"minecraft:spruce_planks":2,"minecraft:wooden_pickaxe":26,"minecraft:dirt":1,"minecraft:crafting_table":1,"minecraft:beehive":2,"minecraft:spruce_log":6,"minecraft:stone_brick_slab":1,"minecraft:gravel":1,"minecraft:stone_axe":17,"soulslikeuniverse:dagger":4,"minecraft:coarse_dirt":3},"minecraft:custom":{"minecraft:mob_kills":1,"minecraft:interact_with_crafting_table":2,"minecraft:open_barrel":9,"minecraft:time_since_death":17799,"minecraft:time_since_rest":17799,"minecraft:sprint_one_cm":16863,"minecraft:walk_one_cm":118139,"minecraft:damage_taken":54,"minecraft:drop":26,"minecraft:damage_dealt":100,"minecraft:swim_one_cm":5746,"minecraft:fly_one_cm":2523,"minecraft:open_chest":2,"minecraft:play_time":17799,"minecraft:sneak_time":99,"minecraft:walk_under_water_one_cm":849,"minecraft:jump":89,"minecraft:walk_on_water_one_cm":2669,"minecraft:total_world_time":17799,"minecraft:fall_one_cm":1047},"minecraft:mined":{"minecraft:tuff":4,"minecraft:stone_brick_slab":2,"minecraft:clay":6,"minecraft:crafting_table":1,"minecraft:light_gray_terracotta":4,"minecraft:grass_block":3,"minecraft:calcite":11,"projectvibrantjourneys:natural_cobweb":1,"minecraft:cobblestone":6,"minecraft:moss_block":1,"minecraft:coarse_dirt":3,"minecraft:beehive":6,"minecraft:spruce_log":13,"projectvibrantjourneys:short_grass":3,"minecraft:cobblestone_slab":2,"minecraft:gravel":1,"minecraft:dirt":1,"minecraft:cobweb":1,"minecraft:cracked_stone_bricks":2,"irons_spellbooks:inscription_table":1,"minecraft:stone_bricks":4,"minecraft:stone":29,"minecraft:oak_leaves":2,"minecraft:fern":1},"minecraft:crafted":{"minecraft:crafting_table":1,"minecraft:spruce_planks":20,"minecraft:wooden_pickaxe":1,"minecraft:furnace":1,"minecraft:stone_axe":1,"minecraft:stick":8,"minecraft:stone_pickaxe":1},"minecraft:dropped":{"minecraft:moss_block":1,"minecraft:wheat_seeds":8,"minecraft:light_gray_terracotta":1,"minecraft:tuff":4,"minecraft:rotten_flesh":2,"minecraft:apple":1,"minecraft:dirt":1,"minecraft:cobblestone_slab":1,"minecraft:gunpowder":12,"minecraft:flowering_azalea":1,"minecraft:phantom_membrane":1,"minecraft:wooden_pickaxe":2,"minecraft:beef":2,"minecraft:stone_pickaxe":1,"minecraft:stone_brick_slab":1,"minecraft:bone":1},"minecraft:picked_up":{"minecraft:crafting_table":1,"minecraft:coarse_dirt":3,"minecraft:clay_ball":4,"minecraft:wooden_pickaxe":1,"minecraft:tuff":4,"minecraft:dirt":2,"minecraft:string":2,"minecraft:stone_bricks":4,"minecraft:cracked_stone_bricks":2,"minecraft:wheat_seeds":8,"minecraft:beef":4,"minecraft:stone_pickaxe":1,"minecraft:cobblestone_slab":2,"minecraft:calcite":11,"minecraft:moss_block":1,"irons_spellbooks:inscription_table":1,"minecraft:flowering_azalea":1,"minecraft:beehive":6,"minecraft:stone_brick_slab":2,"minecraft:gravel":1,"minecraft:spruce_log":11,"minecraft:light_gray_terracotta":1,"minecraft:cobblestone":30},"minecraft:killed":{"minecraft:cow":1}},"DataVersion":3465}