{"stats":{"minecraft:custom":{"minecraft:interact_with_crafting_table":83,"minecraft:leave_game":14,"minecraft:time_since_death":4294,"minecraft:sprint_one_cm":1309225,"minecraft:damage_blocked_by_shield":780,"minecraft:drop":310,"minecraft:talked_to_villager":2,"minecraft:play_time":565499,"minecraft:deaths":112,"minecraft:jump":8667,"minecraft:walk_on_water_one_cm":107558,"minecraft:interact_with_furnace":128,"minecraft:sleep_in_bed":20,"minecraft:open_enderchest":2,"minecraft:damage_dealt":50063,"minecraft:player_kills":29,"minecraft:crouch_one_cm":6121,"minecraft:interact_with_smoker":49,"minecraft:mob_kills":304,"minecraft:climb_one_cm":1187,"minecraft:walk_one_cm":1569754,"minecraft:sneak_time":13329,"minecraft:walk_under_water_one_cm":63981,"minecraft:boat_one_cm":491955,"minecraft:total_world_time":565499,"minecraft:time_since_rest":4320,"minecraft:damage_taken":36837,"minecraft:swim_one_cm":125269,"minecraft:fly_one_cm":1200992,"minecraft:open_chest":120,"minecraft:fall_one_cm":321108},"minecraft:crafted":{"securitycraft:mine":3,"minecraft:oak_planks":236,"minecraft:oak_pressure_plate":2,"minecraft:cooked_chicken":2,"minecraft:stone":68,"securitycraft:keypad_item":1,"minecraft:diamond_shovel":1,"minecraft:heavy_weighted_pressure_plate":1,"supplementaries:bomb_spiky":4,"minecraft:cooked_mutton":5,"securitycraft:laser_block":1,"minecraft:bow":1,"minecraft:iron_boots":3,"minecraft:chest":8,"minecraft:iron_door":3,"minecraft:golden_boots":2,"minecraft:smoker":2,"sophisticatedbackpacks:backpack":3,"minecraft:cooked_porkchop":144,"minecraft:diamond_axe":1,"minecraft:crafting_table":5,"securitycraft:reinforced_stone_button":8,"minecraft:wooden_pickaxe":1,"minecraft:iron_helmet":3,"minecraft:birch_planks":28,"minecraft:iron_chestplate":3,"minecraft:book":25,"minecraft:paper":75,"minecraft:diamond_pickaxe":1,"minecraft:shield":1,"minecraft:stick":52,"minecraft:iron_ingot":160,"minecraft:iron_pickaxe":2,"minecraft:gold_ingot":2,"minecraft:shears":1,"securitycraft:universal_block_reinforcer_lvl1":1,"minecraft:wooden_sword":1,"minecraft:redstone":45,"minecraft:furnace":10,"minecraft:stone_button":68,"minecraft:iron_axe":1,"securitycraft:universal_block_remover":1,"minecraft:stone_pickaxe":1,"minecraft:redstone_block":6,"minecraft:wheat":135,"minecraft:cooked_beef":158,"minecraft:coal_block":18,"minecraft:crimson_planks":4,"minecraft:enchanting_table":1,"minecraft:iron_sword":2,"minecraft:bucket":1,"securitycraft:cobblestone_mine":3,"minecraft:glowstone":3,"minecraft:bread":45,"minecraft:air":0,"minecraft:oak_boat":3,"minecraft:iron_leggings":3,"minecraft:white_bed":2,"minecraft:torch":128},"minecraft:mined":{"minecraft:large_amethyst_bud":1,"create:deepslate_zinc_ore":9,"minecraft:white_bed":10,"tfmg:lignite":66,"minecraft:obsidian":27,"minecraft:granite":88,"minecraft:budding_amethyst":2,"minecraft:grass_block":92,"minecraft:oak_pressure_plate":3,"vs_clockwork:wanderlite_deepslate_ore":5,"tfmg:nickel_ore":11,"minecraft:nether_wart":22,"minecraft:spawner":1,"minecraft:weeping_vines_plant":1,"minecraft:glowstone":5,"minecraft:iron_ore":119,"minecraft:cobbled_deepslate":13,"minecraft:fire":15,"minecraft:deepslate_lapis_ore":4,"minecraft:anvil":1,"minecraft:enchanting_table":1,"create:mechanical_press":1,"minecraft:deepslate_redstone_ore":13,"minecraft:red_bed":1,"minecraft:smoker":3,"minecraft:crimson_nylium":35,"minecraft:torch":9,"minecraft:calcite":7,"minecraft:chest":2,"supplementaries:wild_flax":4,"tfmg:lead_ore":13,"minecraft:nether_quartz_ore":8,"minecraft:cobblestone":47,"minecraft:sugar_cane":27,"minecraft:oak_planks":1,"minecraft:iron_door":1,"minecraft:wall_torch":11,"minecraft:amethyst_block":20,"minecraft:nether_wart_block":1,"minecraft:grass":204,"minecraft:oak_log":38,"minecraft:sand":43,"minecraft:dirt":96,"minecraft:smooth_basalt":1,"tfmg:deepslate_lithium_ore":25,"minecraft:wither_skeleton_skull":1,"minecraft:netherrack":12,"minecraft:deepslate":102,"minecraft:oak_leaves":25,"create:zinc_ore":62,"minecraft:nether_gold_ore":7,"minecraft:tuff":21,"farmersdelight:onions":1,"minecraft:deepslate_diamond_ore":12,"minecraft:glow_lichen":1,"minecraft:nether_bricks":1,"minecraft:crimson_roots":2,"create:ochrum":67,"create:depot":1,"minecraft:redstone_wire":1,"farmersdelight:wild_cabbages":9,"minecraft:spruce_leaves":3,"minecraft:crimson_stem":1,"minecraft:hay_block":30,"farmersdelight:wild_onions":8,"minecraft:furnace":14,"minecraft:heavy_weighted_pressure_plate":1,"minecraft:andesite":81,"supplementaries:gunpowder":16,"minecraft:deepslate_iron_ore":20,"minecraft:stone":611,"minecraft:white_wool":1,"tfmg:deepslate_lead_ore":9,"minecraft:glass_pane":1,"tfmg:bauxite":1,"minecraft:dandelion":1,"minecraft:crafting_table":23,"minecraft:rose_bush":19,"minecraft:tall_grass":17,"minecraft:lapis_ore":3,"minecraft:deepslate_gold_ore":26,"minecraft:diorite":103,"supplementaries:urn":34,"create:mechanical_saw":4,"farmersdelight:wild_beetroots":1,"tfmg:galena":3,"minecraft:white_carpet":4,"minecraft:spruce_log":7,"minecraft:birch_leaves":1,"minecraft:yellow_bed":3,"minecraft:coal_ore":239,"tfmg:deepslate_nickel_ore":7,"minecraft:sunflower":15,"minecraft:gravel":74,"minecraft:dripstone_block":1,"minecraft:cobweb":45,"minecraft:gold_ore":8},"minecraft:broken":{"minecraft:golden_boots":1,"minecraft:iron_boots":2,"minecraft:iron_chestplate":2,"minecraft:iron_leggings":2,"minecraft:iron_sword":2,"minecraft:iron_axe":1,"minecraft:iron_pickaxe":2,"minecraft:iron_helmet":2},"minecraft:used":{"minecraft:chest":4,"minecraft:shield":22,"minecraft:iron_sword":540,"minecraft:nether_wart":11,"minecraft:iron_chestplate":2,"securitycraft:keypad_item":1,"minecraft:nether_bricks":1,"minecraft:obsidian":13,"minecraft:tuff":8,"minecraft:snowball":7,"minecraft:weeping_vines":1,"minecraft:lava_bucket":43,"minecraft:birch_sapling":1,"minecraft:iron_helmet":2,"securitycraft:reinforced_andesite":3,"minecraft:furnace":19,"minecraft:golden_boots":1,"minecraft:diorite":85,"minecraft:wither_skeleton_skull":1,"minecraft:oak_planks":2,"minecraft:stone_pickaxe":39,"minecraft:wooden_pickaxe":11,"minecraft:sugar_cane":6,"minecraft:diamond_axe":720,"create:mechanical_saw":3,"minecraft:white_wool":1,"minecraft:sand":46,"securitycraft:universal_block_remover":28,"railways:red_conductor_cap":2,"minecraft:heavy_weighted_pressure_plate":1,"minecraft:bread":47,"minecraft:oak_pressure_plate":5,"minecraft:iron_door":4,"minecraft:gravel":48,"minecraft:nether_wart_block":1,"minecraft:wooden_sword":17,"minecraft:andesite":48,"minecraft:oak_boat":15,"minecraft:enchanting_table":1,"minecraft:redstone":1,"minecraft:netherrack":15,"securitycraft:reinforced_iron_bars":1,"minecraft:torch":179,"create:ochrum":12,"minecraft:dirt":138,"securitycraft:reinforced_stone":5,"minecraft:granite":32,"minecraft:nether_brick_stairs":4,"minecraft:iron_axe":147,"minecraft:iron_boots":2,"minecraft:gunpowder":1,"minecraft:glowstone":1,"minecraft:beef":6,"minecraft:cooked_beef":13,"minecraft:cobbled_deepslate":87,"minecraft:iron_leggings":2,"minecraft:calcite":2,"minecraft:cooked_mutton":5,"farmersdelight:mutton_wrap":1,"minecraft:water_bucket":127,"securitycraft:reinforced_cobblestone":1,"minecraft:bundle":12,"minecraft:baked_potato":3,"securitycraft:cobblestone_mine":3,"farmersdelight:onion":1,"minecraft:crafting_table":27,"minecraft:red_bed":1,"minecraft:white_bed":12,"supplementaries:bomb_spiky":4,"minecraft:smoker":8,"minecraft:oak_log":4,"minecraft:diamond_pickaxe":1428,"minecraft:diamond_shovel":261,"minecraft:sunflower":3,"minecraft:iron_pickaxe":502,"minecraft:suspicious_stew":1,"minecraft:cobblestone":415,"minecraft:cooked_porkchop":65,"minecraft:bucket":171,"minecraft:yellow_bed":3,"create:hand_crank":4,"minecraft:dandelion":1},"minecraft:killed":{"minecraft:cave_spider":2,"minecraft:witch":1,"minecraft:spider":13,"minecraft:skeleton":21,"minecraft:magma_cube":1,"minecraft:pig":73,"minecraft:iron_golem":1,"minecraft:creeper":7,"minecraft:sheep":7,"minecraft:pillager":1,"minecraft:zombie":49,"minecraft:donkey":1,"minecraft:cow":99,"minecraft:blaze":1,"minecraft:horse":17,"minecraft:wither_skeleton":2,"minecraft:enderman":2},"minecraft:picked_up":{"minecraft:anvil":1,"minecraft:suspicious_stew":4,"minecraft:amethyst_block":40,"minecraft:string":122,"minecraft:iron_leggings":1,"minecraft:beetroot":1,"create:mechanical_press":1,"minecraft:gold_nugget":25,"minecraft:cobbled_deepslate":227,"minecraft:bucket":1,"farmersdelight:cabbage":1,"minecraft:rose_bush":16,"minecraft:calcite":8,"vs_clockwork:wanderlite_crystal":10,"minecraft:iron_pickaxe":6,"minecraft:coal_block":18,"minecraft:furnace":19,"farmersdelight:cabbage_seeds":10,"minecraft:iron_boots":2,"minecraft:stick":41,"minecraft:torch":90,"minecraft:porkchop":184,"minecraft:diorite":105,"minecraft:rotten_flesh":101,"create:clipboard":1,"farmersdelight:onion":11,"create:ochrum":68,"supplementaries:ash":86,"minecraft:obsidian":27,"minecraft:snowball":7,"minecraft:cobblestone":740,"minecraft:birch_log":7,"minecraft:enchanting_table":1,"minecraft:cooked_beef":33,"minecraft:iron_door":2,"minecraft:water_bucket":3,"minecraft:andesite":82,"minecraft:smoker":6,"minecraft:flint":10,"minecraft:tuff":40,"create:raw_zinc":149,"supplementaries:flax_seeds":8,"minecraft:wither_skeleton_skull":3,"tfmg:raw_lead":34,"minecraft:lapis_lazuli":122,"minecraft:dirt":183,"securitycraft:reinforced_stone_button":63,"minecraft:glass":8,"minecraft:bone":187,"minecraft:bow":5,"minecraft:wheat_seeds":30,"minecraft:raw_gold":86,"tfmg:galena":4,"minecraft:glowstone_dust":12,"minecraft:oak_planks":215,"minecraft:cooked_porkchop":13,"minecraft:oak_pressure_plate":3,"minecraft:poisonous_potato":45,"minecraft:sand":47,"minecraft:nether_brick_stairs":4,"minecraft:grass_block":1,"securitycraft:reinforced_stone":14,"minecraft:bundle":5,"minecraft:diamond":18,"minecraft:granite":108,"minecraft:emerald":20,"minecraft:bread":9,"minecraft:oak_sapling":11,"minecraft:netherrack":45,"minecraft:crimson_roots":8,"minecraft:diamond_pickaxe":7,"minecraft:crafting_table":25,"minecraft:allium":30,"securitycraft:reinforced_granite":1,"minecraft:nether_wart":32,"railways:red_conductor_cap":1,"farmersdelight:mutton_wrap":2,"minecraft:heavy_weighted_pressure_plate":1,"tfmg:raw_nickel":51,"minecraft:red_bed":3,"minecraft:wooden_sword":3,"minecraft:white_carpet":4,"tfmg:bauxite":1,"minecraft:glass_pane":16,"minecraft:beef":254,"minecraft:oak_boat":14,"minecraft:iron_nugget":51,"minecraft:sugar_cane":111,"minecraft:chest":2,"minecraft:birch_sapling":3,"minecraft:egg":30,"minecraft:raw_iron":206,"securitycraft:reinforced_cobblestone":5,"minecraft:stone_button":3,"securitycraft:reinforced_iron_bars":1,"create:hand_crank":4,"minecraft:carrot":1,"minecraft:redstone":117,"minecraft:arrow":42,"minecraft:weeping_vines":1,"minecraft:beetroot_seeds":1,"minecraft:nether_bricks":2,"minecraft:hay_block":77,"create:depot":1,"minecraft:gold_ingot":1,"minecraft:mutton":11,"minecraft:white_wool":32,"minecraft:glow_ink_sac":1,"minecraft:crimson_stem":1,"tfmg:raw_lithium":100,"minecraft:leather":114,"minecraft:filled_map":14,"minecraft:oak_log":123,"minecraft:yellow_bed":3,"minecraft:nether_wart_block":1,"minecraft:gunpowder":43,"minecraft:apple":3,"minecraft:kelp":2,"minecraft:iron_ingot":29,"minecraft:stone_pickaxe":2,"minecraft:iron_sword":3,"create:mechanical_saw":3,"minecraft:smooth_basalt":2,"securitycraft:reinforced_andesite":8,"minecraft:quartz":8,"minecraft:dandelion":1,"tfmg:lignite":65,"minecraft:gravel":111,"minecraft:spruce_sapling":4,"minecraft:white_bed":10,"minecraft:spruce_log":21,"minecraft:spider_eye":19,"minecraft:diamond_axe":3,"minecraft:baked_potato":1,"minecraft:coal":409,"minecraft:sunflower":5},"minecraft:killed_by":{"minecraft:wither_skeleton":1,"minecraft:drowned":2,"minecraft:blaze":2,"minecraft:zombie":1,"minecraft:player":51,"minecraft:enderman":3,"minecraft:iron_golem":4,"minecraft:skeleton":3},"minecraft:dropped":{"minecraft:iron_sword":3,"minecraft:porkchop":21,"minecraft:diamond_axe":3,"minecraft:cooked_beef":66,"minecraft:oak_log":54,"minecraft:baked_potato":1,"tfmg:galena":1,"minecraft:crafting_table":2,"minecraft:leather":10,"farmersdelight:mutton_wrap":1,"minecraft:flint":4,"minecraft:emerald":1,"minecraft:dirt":2,"minecraft:red_bed":2,"tfmg:lignite":1,"minecraft:crimson_roots":8,"minecraft:wooden_sword":2,"minecraft:sunflower":2,"minecraft:sand":1,"minecraft:iron_pickaxe":5,"minecraft:white_wool":19,"minecraft:gold_ingot":1,"minecraft:bone":145,"minecraft:gravel":63,"minecraft:sugar_cane":27,"minecraft:iron_nugget":3,"minecraft:cobbled_deepslate":36,"minecraft:beetroot":1,"minecraft:oak_planks":135,"tfmg:raw_lithium":50,"supplementaries:ash":39,"minecraft:gunpowder":17,"minecraft:beetroot_seeds":1,"create:depot":1,"minecraft:arrow":2,"minecraft:beef":25,"create:mechanical_press":1,"minecraft:netherrack":30,"minecraft:golden_boots":1,"minecraft:water_bucket":2,"minecraft:iron_ingot":34,"minecraft:bread":9,"minecraft:wheat_seeds":18,"minecraft:poisonous_potato":45,"minecraft:iron_helmet":1,"minecraft:cobblestone":59,"minecraft:amethyst_block":40,"minecraft:granite":23,"minecraft:stick":22,"create:clipboard":1,"minecraft:diorite":10,"minecraft:torch":16,"minecraft:iron_leggings":1,"minecraft:string":11,"minecraft:bucket":1,"create:raw_zinc":11,"minecraft:spruce_sapling":2,"minecraft:smooth_basalt":2,"securitycraft:reinforced_stone":1,"minecraft:furnace":8,"minecraft:kelp":2,"create:ochrum":1,"minecraft:bowl":1,"minecraft:tuff":16,"minecraft:raw_iron":56,"minecraft:white_carpet":4,"minecraft:iron_boots":2,"minecraft:nether_bricks":1,"minecraft:suspicious_stew":2,"tfmg:raw_nickel":26,"minecraft:filled_map":14,"minecraft:potato":3,"tfmg:bauxite":1,"minecraft:shield":1,"minecraft:allium":30,"minecraft:bundle":1,"create:zinc_ingot":5,"minecraft:diamond_pickaxe":7,"minecraft:iron_chestplate":1,"minecraft:andesite":6,"minecraft:oak_boat":1,"minecraft:spider_eye":16,"minecraft:spruce_log":14,"minecraft:stone_pickaxe":1,"minecraft:bow":1,"minecraft:wooden_pickaxe":1,"minecraft:raw_gold":10,"minecraft:calcite":6}},"DataVersion":3465}