{"stats":{"minecraft:used":{"epicfight:skillbook":1,"soulslikeuniverse:dagger":241,"minecraft:candle":2,"minecraft:cobweb":4},"minecraft:mined":{"minecraft:candle":22,"minecraft:large_fern":2,"projectvibrantjourneys:short_grass":1,"minecraft:cobweb":4,"irons_spellbooks:inscription_table":1,"minecraft:fern":1},"minecraft:custom":{"minecraft:mob_kills":33,"minecraft:traded_with_villager":50,"minecraft:interact_with_crafting_table":1,"minecraft:open_barrel":8,"minecraft:time_since_death":3594,"minecraft:climb_one_cm":646,"minecraft:time_since_rest":3723,"minecraft:sprint_one_cm":114470,"minecraft:walk_one_cm":701858,"minecraft:damage_taken":2860,"minecraft:drop":31,"minecraft:damage_dealt":7609,"minecraft:damage_dealt_absorbed":470,"minecraft:swim_one_cm":7951,"minecraft:fly_one_cm":56057,"minecraft:open_chest":5,"minecraft:crouch_one_cm":498,"minecraft:play_time":53723,"minecraft:deaths":11,"minecraft:sneak_time":111,"minecraft:walk_under_water_one_cm":215,"minecraft:interact_with_lectern":1,"minecraft:interact_with_brewingstand":1,"minecraft:jump":364,"minecraft:walk_on_water_one_cm":3666,"minecraft:total_world_time":53723,"minecraft:fall_one_cm":6751},"minecraft:crafted":{"minecraft:emerald":100,"minecraft:air":0},"minecraft:killed_by":{"minecraft:vindicator":1,"minecraft:silverfish":1,"soulslikeuniverse:monstersuccessor":2,"minecraft:zombie":1,"minecraft:illusioner":3},"minecraft:dropped":{"minecraft:moss_carpet":2,"minecraft:wheat_seeds":1,"minecraft:coarse_dirt":1,"soulslikeuniverse:dagger":1,"minecraft:rotten_flesh":27,"minecraft:pumpkin_seeds":4,"minecraft:deepslate_bricks":1,"minecraft:polished_granite_stairs":2,"minecraft:dirt":8,"minecraft:cobblestone_slab":2,"philipsruins:bone_chunk":2,"minecraft:brewing_stand":1,"minecraft:gold_nugget":1,"minecraft:stone_bricks":1,"minecraft:blackstone_slab":1,"minecraft:basalt":2,"minecraft:wooden_pickaxe":1},"minecraft:picked_up":{"minecraft:coarse_dirt":1,"minecraft:basalt":2,"philipsruins:bone_chunk":2,"minecraft:leather":2,"minecraft:blackstone_slab":1,"minecraft:wooden_pickaxe":1,"minecraft:enchanted_book":1,"minecraft:brewing_stand":1,"minecraft:gunpowder":14,"minecraft:lapis_lazuli":2,"minecraft:dirt":24,"minecraft:string":7,"minecraft:moss_carpet":2,"minecraft:bone":8,"minecraft:stone_bricks":1,"minecraft:wheat_seeds":1,"minecraft:candle":58,"minecraft:gold_nugget":1,"minecraft:beef":3,"philipsruins:broken_bone":3,"minecraft:cobblestone_slab":2,"irons_spellbooks:inscription_table":1,"minecraft:stick":2,"minecraft:pumpkin":1,"minecraft:amethyst_shard":4,"minecraft:polished_granite_stairs":2,"minecraft:rotten_flesh":32,"minecraft:pumpkin_seeds":4,"minecraft:arrow":2,"soulslikeuniverse:estusflask":10,"minecraft:diamond":1,"minecraft:chainmail_leggings":1,"minecraft:deepslate_bricks":1,"soulslikeuniverse:dagger":1,"minecraft:emerald":1,"minecraft:white_wool":3,"minecraft:mutton":3,"minecraft:coal":2},"minecraft:killed":{"minecraft:sheep":3,"minecraft:skeleton":2,"minecraft:pillager":5,"minecraft:zombie":11,"minecraft:silverfish":9,"minecraft:illusioner":1,"minecraft:cow":1}},"DataVersion":3465}