{"stats":{"minecraft:dropped":{"minecraft:candle":3,"minecraft:ender_pearl":1,"minecraft:leather":2,"projectvibrantjourneys:bones":1,"soulslikeuniverse:wanderer_helmet":1,"projectvibrantjourneys:orange_bark_mushroom":2,"minecraft:music_disc_13":1,"minecraft:emerald":5,"minecraft:cyan_terracotta":6,"minecraft:dirt":34,"soulslikeuniverse:assassin_chestplate":2,"minecraft:gold_nugget":2,"minecraft:amethyst_shard":4,"minecraft:phantom_membrane":1,"soulslikeuniverse:steelshield":1,"minecraft:dark_oak_planks":1,"minecraft:white_wool":5,"projectvibrantjourneys:bark_mushroom":2,"minecraft:bone":15,"soulslikeuniverse:godricksoldier_boots":1,"minecraft:gravel":1,"soulslikeuniverse:knightsoul":12,"wom:agony":1,"minecraft:iron_nugget":1,"soulslikeuniverse:smilesticker":1,"soulslikeuniverse:soldier_chestplate":2,"minecraft:rotten_flesh":211,"soulslikeuniverse:godricksoldier_helmet":1,"soulslikeuniverse:estusflask":23,"minecraft:white_bed":1,"soulslikeuniverse:spellstone":1,"minecraft:chiseled_stone_bricks":1,"minecraft:poppy":1,"projectvibrantjourneys:light_brown_bark_mushroom":7,"minecraft:gunpowder":8,"minecraft:skeleton_skull":1,"soulslikeuniverse:kingdomknight_leggings":1,"minecraft:leather_boots":1,"minecraft:chest":1,"soulslikeuniverse:wanderer_chestplate":1,"minecraft:blackstone_slab":1,"minecraft:basalt":2,"minecraft:arrow":22,"minecraft:beef":1,"projectvibrantjourneys:cattail":1,"minecraft:egg":1,"soulslikeuniverse:kingdomknight_boots":1,"minecraft:wheat_seeds":7,"minecraft:golden_helmet":1,"minecraft:feather":1,"minecraft:cobblestone":9,"minecraft:book":3,"epicfight:stone_spear":1,"minecraft:grass_block":4,"minecraft:polished_andesite":1,"projectvibrantjourneys:rocks":2,"minecraft:stick":16,"minecraft:brewing_stand":1,"minecraft:torch":1,"minecraft:wooden_axe":1,"soulslikeuniverse:rustysteel_boots":1,"minecraft:diamond_helmet":1,"soulslikeuniverse:hollowsoul":17,"minecraft:pumpkin":4,"soulslikeuniverse:soldier_boots":1,"minecraft:iron_axe":2,"minecraft:string":33,"minecraft:lily_pad":4,"minecraft:spruce_sapling":13,"minecraft:moss_carpet":2,"soulslikeuniverse:soldier_helmet":1,"minecraft:player_head":5,"minecraft:coarse_dirt":1,"minecraft:stone_sword":1,"soulslikeuniverse:repairstone":1,"soulslikeuniverse:dagger":2,"minecraft:raw_iron":1,"minecraft:chicken":1,"minecraft:clay_ball":4,"minecraft:iron_boots":2,"philipsruins:broken_bone":3,"minecraft:totem_of_undying":1,"minecraft:pumpkin_seeds":4,"wom:stone_staff":1,"minecraft:deepslate_bricks":1,"minecraft:cobblestone_slab":2,"minecraft:polished_granite_stairs":2,"philipsruins:bone_chunk":2,"minecraft:diamond_chestplate":1,"minecraft:mossy_stone_bricks":1,"soulslikeuniverse:successor_chestplate":1,"soulslikeuniverse:wanderer_boots":1,"minecraft:stone_bricks":1,"minecraft:spider_eye":8,"minecraft:spruce_log":2,"minecraft:bow":1,"soulslikeuniverse:legendarycruciblesword":1,"minecraft:wooden_pickaxe":4,"soulslikeuniverse:giantsoul":1,"minecraft:magenta_terracotta":3,"epicfight:skillbook":4},"minecraft:mined":{"minecraft:spruce_planks":4,"minecraft:white_bed":4,"minecraft:cobblestone_stairs":1,"biomesoplenty:red_maple_leaves":1,"minecraft:iron_ore":1,"minecraft:pumpkin":1,"minecraft:light_gray_concrete":9,"minecraft:green_carpet":1,"minecraft:player_head":5,"projectvibrantjourneys:cattail":1,"biomesoplenty:maple_log":8,"minecraft:cyan_terracotta":6,"minecraft:clay":1,"minecraft:melon":4,"projectvibrantjourneys:natural_cobweb":1,"minecraft:wall_torch":4,"minecraft:skeleton_skull":1,"minecraft:grass":4,"projectvibrantjourneys:short_grass":7,"minecraft:candle":22,"minecraft:dark_oak_log":14,"minecraft:spruce_leaves":1,"minecraft:large_fern":2,"minecraft:hay_block":4,"minecraft:andesite":4,"minecraft:bookshelf":1,"minecraft:vine":2,"irons_spellbooks:inscription_table":1,"minecraft:stone":27,"minecraft:white_wool":1,"minecraft:crafting_table":3,"minecraft:copper_ore":1,"minecraft:spruce_log":6,"minecraft:coal_ore":2,"minecraft:end_rod":2,"minecraft:cobweb":11,"minecraft:polished_andesite":5,"minecraft:mossy_stone_bricks":1,"minecraft:fern":1,"minecraft:dark_oak_planks":9},"minecraft:broken":{"wom:stone_staff":1,"minecraft:diamond_helmet":1,"minecraft:diamond_boots":1,"minecraft:diamond_chestplate":1,"minecraft:chainmail_leggings":1,"minecraft:diamond_leggings":1},"minecraft:used":{"minecraft:rotten_flesh":36,"minecraft:mutton":8,"soulslikeuniverse:legendarycruciblesword":1151,"soulslikeuniverse:estusflask":51,"minecraft:dark_oak_boat":4,"epicfight:skillbook":7,"minecraft:stone_pickaxe":49,"minecraft:wooden_pickaxe":10,"minecraft:white_wool":1,"soulslikeuniverse:legendaryexecutionersword":2,"minecraft:melon_slice":56,"minecraft:bread":13,"soulslikeuniverse:dagger":307,"minecraft:cobweb":4,"minecraft:experience_bottle":17,"minecraft:iron_bars":2,"minecraft:spruce_planks":30,"minecraft:oak_door":1,"minecraft:torch":6,"minecraft:dirt":6,"soulslikeuniverse:ashenknight_chestplate":1,"wom:stone_staff":328,"soulslikeuniverse:legendarybloodtrident":483,"minecraft:dark_oak_planks":28,"soulslikeuniverse:legendarymace":118,"minecraft:totem_of_undying":2,"minecraft:beef":6,"soulslikeuniverse:kingdomknight_boots":1,"minecraft:cooked_beef":1,"minecraft:crafting_table":4,"minecraft:white_bed":5,"soulslikeuniverse:longsword":1,"minecraft:green_carpet":1,"minecraft:porkchop":25,"minecraft:candle":2},"minecraft:picked_up":{"minecraft:wooden_axe":1,"irons_spellbooks:scroll":1,"minecraft:iron_chestplate":1,"minecraft:enchanted_book":1,"wom:stone_staff":1,"soulslikeuniverse:kingdomknight_helmet":1,"minecraft:brewing_stand":1,"minecraft:string":70,"minecraft:experience_bottle":6,"irons_spellbooks:arcane_essence":9,"soulslikeuniverse:hollowsoul":34,"minecraft:gold_nugget":6,"minecraft:spruce_planks":6,"minecraft:cobblestone_slab":2,"soulslikeuniverse:legendarybloodtrident":1,"minecraft:melon_slice":56,"irons_spellbooks:inscription_table":1,"soulslikeuniverse:assassin_boots":1,"minecraft:golden_helmet":1,"minecraft:stick":18,"soulslikeuniverse:spawnmagicwhitephantom":5,"minecraft:torch":6,"epicfight:skillbook":11,"minecraft:porkchop":25,"soulslikeuniverse:kingdomknight_leggings":1,"minecraft:stone_sword":1,"soulslikeuniverse:assassin_chestplate":2,"minecraft:rotten_flesh":242,"soulslikeuniverse:steelshield":1,"soulslikeuniverse:estusflask":65,"minecraft:cyan_terracotta":6,"soulslikeuniverse:lunatic_leggings":1,"minecraft:end_rod":2,"projectvibrantjourneys:cattail":1,"soulslikeuniverse:successor_chestplate":1,"minecraft:iron_bars":2,"minecraft:cobblestone":32,"minecraft:feather":1,"minecraft:cooked_beef":1,"epicfight:stone_spear":2,"minecraft:dark_oak_boat":4,"minecraft:potato":1,"projectvibrantjourneys:rocks":2,"minecraft:lapis_lazuli":2,"minecraft:magenta_terracotta":3,"minecraft:dirt":59,"soulslikeuniverse:legendarymace":2,"minecraft:leather_boots":1,"minecraft:bone":67,"minecraft:bow":1,"soulslikeuniverse:kingdomknight_boots":1,"minecraft:wheat_seeds":8,"minecraft:mossy_stone_bricks":1,"minecraft:diamond_helmet":1,"soulslikeuniverse:soldier_helmet":1,"soulslikeuniverse:legendarycruciblesword":4,"minecraft:grass_block":5,"minecraft:dark_oak_log":14,"minecraft:light_gray_concrete":9,"minecraft:polished_andesite":1,"minecraft:diamond":1,"soulslikeuniverse:soldier_chestplate":4,"soulslikeuniverse:dagger":1,"minecraft:emerald":2,"soulslikeuniverse:longsword":3,"soulslikeuniverse:wanderer_boots":1,"minecraft:coarse_dirt":1,"minecraft:crafting_table":3,"minecraft:chicken":3,"minecraft:clay_ball":4,"minecraft:wooden_pickaxe":3,"soulslikeuniverse:firetemplesword":1,"minecraft:moss_carpet":2,"minecraft:iron_axe":2,"soulslikeuniverse:darkring_helmet":1,"minecraft:candle":60,"minecraft:beef":10,"soulslikeuniverse:spear":1,"minecraft:player_head":7,"minecraft:iron_nugget":1,"minecraft:poppy":1,"minecraft:birch_sapling":1,"minecraft:phantom_membrane":2,"soulslikeuniverse:wanderer_helmet":1,"minecraft:egg":4,"minecraft:raw_iron":1,"minecraft:oak_door":1,"projectvibrantjourneys:bark_mushroom":3,"soulslikeuniverse:soldier_boots":1,"minecraft:dark_oak_planks":10,"soulslikeuniverse:legendaryexecutionersword":3,"minecraft:polished_granite_stairs":2,"minecraft:arrow":60,"minecraft:deepslate_bricks":1,"minecraft:hay_block":9,"soulslikeuniverse:repairstone":24,"minecraft:mutton":8,"minecraft:skeleton_skull":1,"minecraft:white_wool":9,"soulslikeuniverse:rustysteelshield":1,"soulslikeuniverse:steelguard_chestplate":1,"minecraft:basalt":2,"philipsruins:bone_chunk":2,"minecraft:leather":26,"minecraft:blackstone_slab":1,"minecraft:lily_pad":4,"minecraft:gunpowder":29,"soulslikeuniverse:spellstone":9,"soulslikeuniverse:thornedknight_boots":1,"soulslikeuniverse:giantsoul":1,"minecraft:stone_bricks":1,"soulslikeuniverse:godricksoldier_helmet":4,"biomesoplenty:maple_log":8,"minecraft:iron_ingot":1,"philipsruins:broken_bone":6,"minecraft:book":3,"wom:agony":1,"projectvibrantjourneys:light_brown_bark_mushroom":8,"soulslikeuniverse:rustysteel_boots":1,"minecraft:pumpkin":2,"minecraft:chiseled_stone_bricks":1,"soulslikeuniverse:wanderer_chestplate":1,"minecraft:gravel":1,"projectvibrantjourneys:bones":1,"minecraft:amethyst_shard":4,"minecraft:spruce_sapling":14,"minecraft:white_bed":5,"minecraft:spruce_log":10,"minecraft:green_carpet":1,"minecraft:spider_eye":15,"soulslikeuniverse:wingedcrucibleknight_chestplate":1,"soulslikeuniverse:godricksoldier_boots":2,"minecraft:pumpkin_seeds":4,"minecraft:chainmail_leggings":1,"soulslikeuniverse:knightsoul":30,"projectvibrantjourneys:orange_bark_mushroom":2,"projectvibrantjourneys:twigs":1,"soulslikeuniverse:ironroundshield":1,"minecraft:coal":4,"minecraft:ender_pearl":3},"minecraft:custom":{"minecraft:interact_with_crafting_table":27,"minecraft:open_barrel":43,"minecraft:leave_game":4,"minecraft:time_since_death":3441,"minecraft:sprint_one_cm":2459893,"minecraft:drop":274,"minecraft:play_time":442585,"minecraft:deaths":117,"minecraft:jump":3995,"minecraft:interact_with_brewingstand":1,"minecraft:walk_on_water_one_cm":153652,"minecraft:interact_with_furnace":5,"minecraft:traded_with_villager":56,"minecraft:sleep_in_bed":2,"minecraft:damage_dealt":85687,"minecraft:player_kills":7,"minecraft:crouch_one_cm":15712,"minecraft:horse_one_cm":83305,"minecraft:mob_kills":407,"minecraft:interact_with_campfire":1,"minecraft:damage_dealt_resisted":311,"minecraft:climb_one_cm":10330,"minecraft:walk_one_cm":4766339,"minecraft:damage_dealt_absorbed":34570,"minecraft:sneak_time":2376,"minecraft:walk_under_water_one_cm":39179,"minecraft:boat_one_cm":444195,"minecraft:interact_with_lectern":1,"minecraft:total_world_time":442585,"minecraft:tune_noteblock":22,"minecraft:time_since_rest":3471,"minecraft:damage_absorbed":38,"minecraft:damage_taken":31791,"minecraft:swim_one_cm":29552,"minecraft:fly_one_cm":1616498,"minecraft:open_chest":32,"minecraft:fall_one_cm":387560},"minecraft:killed_by":{"soulslikeuniverse:hollowsoldiersword":2,"recruits:recruit_shieldman":1,"soulslikeuniverse:badomengiant":2,"irons_spellbooks:pyromancer":1,"minecraft:creeper":2,"soulslikeuniverse:nightmareknight":1,"soulslikeuniverse:fieldboss_mohg":13,"soulslikeuniverse:armedhollow":1,"soulslikeuniverse:madknight":1,"soulslikeuniverse:darkspirit":2,"soulslikeuniverse:prisoncampknight":1,"soulslikeuniverse:monstergodrickknight":1,"soulslikeuniverse:fieldboss_countrobert":2,"soulslikeuniverse:monsterhollow":1,"recruits:horseman":1,"minecraft:vindicator":1,"soulslikeuniverse:hollowsoldier":2,"minecraft:silverfish":1,"soulslikeuniverse:nobleknight":1,"soulslikeuniverse:castleguard":3,"minecraft:zombie":6,"soulslikeuniverse:fieldboss_elemer":3,"minecraft:vex":6,"minecraft:illusioner":5,"minecraft:player":21,"soulslikeuniverse:monstersuccessor":2,"recruits:nomad":1,"soulslikeuniverse:berserker":1,"soulslikeuniverse:fieldboss_crucibleknight":9,"recruits:crossbowman":1,"soulslikeuniverse:monstergodricksoldier":2,"minecraft:skeleton":5,"soulslikeuniverse:monsterblasphemyknight":1,"soulslikeuniverse:hollowknight":1},"minecraft:crafted":{"minecraft:dark_oak_boat":1,"minecraft:chest":2,"sophisticatedbackpacks:backpack":1,"minecraft:emerald":112,"minecraft:crafting_table":2,"minecraft:spruce_planks":24,"minecraft:wooden_pickaxe":1,"minecraft:stick":12,"minecraft:gold_ingot":27,"wom:stone_staff":1,"biomesoplenty:maple_planks":32,"minecraft:stone_pickaxe":1,"minecraft:dark_oak_planks":56,"sophisticatedbackpacks:iron_backpack":1,"sophisticatedbackpacks:gold_backpack":1,"minecraft:air":0,"minecraft:white_bed":1,"minecraft:torch":16},"minecraft:killed":{"soulslikeuniverse:hollowknight":8,"soulslikeuniverse:fieldboss_crucibleknight":1,"minecraft:cave_spider":1,"minecraft:zombified_piglin":2,"minecraft:witch":2,"minecraft:spider":28,"soulslikeuniverse:monstersuccessor":2,"minecraft:skeleton":37,"minecraft:silverfish":9,"soulslikeuniverse:hollowsoldiersword":11,"minecraft:illusioner":1,"irons_spellbooks:summoned_skeleton":5,"minecraft:skeleton_horse":1,"soulslikeuniverse:templeguard":2,"soulslikeuniverse:ringedknight":1,"soulslikeuniverse:shadowassassin":3,"soulslikeuniverse:havel":1,"minecraft:pig":11,"soulslikeuniverse:prisoncampknight":2,"recruits:recruit":3,"soulslikeuniverse:twistedsouls":1,"irons_spellbooks:necromancer":6,"minecraft:creeper":21,"minecraft:sheep":7,"minecraft:pillager":9,"soulslikeuniverse:monstergodrickknight":7,"minecraft:zombie":109,"soulslikeuniverse:monstergodricksoldier":14,"soulslikeuniverse:badomengiant":1,"soulslikeuniverse:monsterblasphemyknight":1,"minecraft:cow":4,"irons_spellbooks:summoned_zombie":9,"minecraft:vindicator":1,"soulslikeuniverse:thief":4,"soulslikeuniverse:hollowsoldier":4,"soulslikeuniverse:darkspirit":6,"soulslikeuniverse:fieldboss_mohg":1,"minecraft:drowned":1,"soulslikeuniverse:monsterhollow":13,"soulslikeuniverse:fieldboss_elemer":1,"soulslikeuniverse:fieldboss_countrobert":2,"soulslikeuniverse:solaire":3,"soulslikeuniverse:ghostsamurai":1,"soulslikeuniverse:madknight":3,"soulslikeuniverse:castleguard":4,"soulslikeuniverse:monsterknight":7,"soulslikeuniverse:armedhollow":4,"minecraft:villager":1,"minecraft:enderman":4}},"DataVersion":3465}