{"stats":{"minecraft:killed":{"minecraft:pig":1,"irons_spellbooks:necromancer":1,"minecraft:sheep":4,"minecraft:skeleton":2,"minecraft:pillager":6,"minecraft:zombie":17,"minecraft:silverfish":9,"minecraft:illusioner":1,"minecraft:cow":3},"minecraft:mined":{"minecraft:dark_oak_planks":1,"biomesoplenty:maple_log":8,"minecraft:white_bed":3,"minecraft:candle":22,"minecraft:dark_oak_log":14,"biomesoplenty:red_maple_leaves":1,"minecraft:crafting_table":2,"projectvibrantjourneys:natural_cobweb":1,"minecraft:copper_ore":1,"minecraft:spruce_leaves":1,"minecraft:large_fern":2,"minecraft:spruce_log":6,"minecraft:grass":3,"minecraft:coal_ore":2,"projectvibrantjourneys:short_grass":4,"minecraft:cobweb":4,"irons_spellbooks:inscription_table":1,"minecraft:stone":27,"minecraft:fern":1},"minecraft:used":{"epicfight:skillbook":1,"minecraft:stone_pickaxe":22,"minecraft:wooden_pickaxe":10,"minecraft:crafting_table":3,"wom:stone_staff":167,"minecraft:white_bed":3,"minecraft:dark_oak_planks":1,"minecraft:porkchop":3,"soulslikeuniverse:dagger":272,"minecraft:cobweb":4,"minecraft:candle":2},"minecraft:custom":{"minecraft:mob_kills":45,"minecraft:traded_with_villager":56,"minecraft:interact_with_crafting_table":17,"minecraft:open_barrel":8,"minecraft:leave_game":1,"minecraft:time_since_death":1977,"minecraft:sleep_in_bed":1,"minecraft:climb_one_cm":646,"minecraft:time_since_rest":2111,"minecraft:damage_taken":4713,"minecraft:sprint_one_cm":279475,"minecraft:walk_one_cm":1172788,"minecraft:drop":72,"minecraft:damage_dealt":10173,"minecraft:damage_dealt_absorbed":518,"minecraft:swim_one_cm":7951,"minecraft:fly_one_cm":129074,"minecraft:play_time":95594,"minecraft:crouch_one_cm":1371,"minecraft:sneak_time":172,"minecraft:open_chest":5,"minecraft:deaths":19,"minecraft:walk_under_water_one_cm":215,"minecraft:interact_with_lectern":1,"minecraft:interact_with_brewingstand":1,"minecraft:jump":635,"minecraft:walk_on_water_one_cm":4262,"minecraft:total_world_time":95594,"minecraft:fall_one_cm":12636},"minecraft:dropped":{"minecraft:moss_carpet":2,"minecraft:candle":1,"minecraft:wheat_seeds":1,"minecraft:iron_nugget":1,"minecraft:coarse_dirt":1,"soulslikeuniverse:dagger":1,"minecraft:cobblestone":6,"minecraft:rotten_flesh":41,"minecraft:leather":2,"philipsruins:broken_bone":3,"minecraft:totem_of_undying":1,"minecraft:pumpkin_seeds":4,"soulslikeuniverse:spellstone":1,"minecraft:stick":3,"projectvibrantjourneys:light_brown_bark_mushroom":2,"minecraft:emerald":5,"minecraft:deepslate_bricks":1,"minecraft:dirt":24,"minecraft:polished_granite_stairs":2,"minecraft:cobblestone_slab":2,"philipsruins:bone_chunk":2,"minecraft:brewing_stand":1,"minecraft:chest":1,"minecraft:blackstone_slab":1,"minecraft:stone_bricks":1,"minecraft:gold_nugget":1,"minecraft:basalt":2,"minecraft:arrow":4,"minecraft:wooden_pickaxe":3,"minecraft:string":12,"minecraft:white_wool":2,"projectvibrantjourneys:bark_mushroom":1,"minecraft:spruce_sapling":12},"minecraft:killed_by":{"minecraft:vindicator":1,"minecraft:player":2,"minecraft:silverfish":1,"soulslikeuniverse:monstersuccessor":2,"minecraft:skeleton":1,"minecraft:zombie":2,"soulslikeuniverse:fieldboss_countrobert":1,"minecraft:illusioner":5},"minecraft:crafted":{"sophisticatedbackpacks:backpack":1,"minecraft:emerald":112,"wom:stone_staff":1,"minecraft:spruce_planks":24,"minecraft:crafting_table":1,"minecraft:wooden_pickaxe":1,"biomesoplenty:maple_planks":32,"minecraft:air":0,"minecraft:stick":12,"minecraft:stone_pickaxe":1,"minecraft:chest":2,"minecraft:white_bed":1,"minecraft:dark_oak_planks":56},"minecraft:picked_up":{"irons_spellbooks:scroll":1,"minecraft:crafting_table":2,"minecraft:coarse_dirt":1,"minecraft:basalt":2,"philipsruins:bone_chunk":2,"minecraft:leather":6,"minecraft:blackstone_slab":1,"minecraft:wooden_pickaxe":3,"minecraft:enchanted_book":1,"minecraft:brewing_stand":1,"minecraft:gunpowder":14,"soulslikeuniverse:spellstone":2,"minecraft:lapis_lazuli":2,"minecraft:dirt":25,"minecraft:string":19,"minecraft:moss_carpet":2,"minecraft:bone":8,"minecraft:stone_bricks":1,"irons_spellbooks:arcane_essence":2,"soulslikeuniverse:hollowsoul":2,"minecraft:wheat_seeds":1,"minecraft:gold_nugget":1,"minecraft:candle":58,"biomesoplenty:maple_log":8,"minecraft:beef":6,"philipsruins:broken_bone":3,"minecraft:cobblestone_slab":2,"minecraft:iron_nugget":1,"irons_spellbooks:inscription_table":1,"projectvibrantjourneys:light_brown_bark_mushroom":2,"minecraft:stick":3,"minecraft:pumpkin":1,"projectvibrantjourneys:bark_mushroom":1,"minecraft:porkchop":3,"minecraft:amethyst_shard":4,"minecraft:spruce_sapling":12,"minecraft:white_bed":3,"minecraft:spruce_log":6,"minecraft:dark_oak_log":14,"minecraft:dark_oak_planks":1,"minecraft:polished_granite_stairs":2,"minecraft:arrow":4,"minecraft:pumpkin_seeds":4,"minecraft:rotten_flesh":48,"minecraft:diamond":1,"soulslikeuniverse:estusflask":10,"minecraft:chainmail_leggings":1,"minecraft:deepslate_bricks":1,"soulslikeuniverse:dagger":1,"minecraft:emerald":1,"minecraft:mutton":4,"minecraft:coal":4,"minecraft:white_wool":5,"minecraft:cobblestone":28}},"DataVersion":3465}