{"stats":{"minecraft:mined":{"minecraft:spruce_planks":4,"minecraft:white_bed":4,"minecraft:cobblestone_stairs":1,"biomesoplenty:red_maple_leaves":1,"minecraft:iron_ore":1,"minecraft:pumpkin":1,"minecraft:light_gray_concrete":9,"minecraft:green_carpet":1,"minecraft:player_head":5,"projectvibrantjourneys:cattail":1,"biomesoplenty:maple_log":8,"minecraft:cyan_terracotta":6,"minecraft:clay":1,"minecraft:melon":4,"projectvibrantjourneys:natural_cobweb":1,"minecraft:wall_torch":4,"minecraft:skeleton_skull":1,"minecraft:grass":4,"projectvibrantjourneys:short_grass":5,"minecraft:candle":22,"minecraft:dark_oak_log":14,"minecraft:spruce_leaves":1,"minecraft:large_fern":2,"minecraft:hay_block":4,"minecraft:andesite":4,"minecraft:bookshelf":1,"minecraft:vine":2,"irons_spellbooks:inscription_table":1,"minecraft:stone":27,"minecraft:white_wool":1,"minecraft:crafting_table":3,"minecraft:copper_ore":1,"minecraft:spruce_log":6,"minecraft:coal_ore":2,"minecraft:end_rod":2,"minecraft:cobweb":11,"minecraft:polished_andesite":5,"minecraft:mossy_stone_bricks":1,"minecraft:fern":1,"minecraft:dark_oak_planks":9},"minecraft:killed":{"soulslikeuniverse:hollowknight":4,"minecraft:cave_spider":1,"minecraft:zombified_piglin":1,"minecraft:spider":10,"soulslikeuniverse:monstersuccessor":2,"minecraft:skeleton":27,"minecraft:silverfish":9,"soulslikeuniverse:hollowsoldiersword":4,"minecraft:illusioner":1,"irons_spellbooks:summoned_skeleton":5,"minecraft:skeleton_horse":1,"soulslikeuniverse:templeguard":2,"soulslikeuniverse:havel":1,"minecraft:pig":11,"recruits:recruit":1,"soulslikeuniverse:twistedsouls":1,"irons_spellbooks:necromancer":5,"minecraft:creeper":14,"minecraft:sheep":6,"minecraft:pillager":9,"soulslikeuniverse:monstergodrickknight":2,"minecraft:zombie":88,"soulslikeuniverse:monstergodricksoldier":4,"soulslikeuniverse:badomengiant":1,"soulslikeuniverse:monsterblasphemyknight":1,"minecraft:cow":4,"irons_spellbooks:summoned_zombie":8,"minecraft:vindicator":1,"soulslikeuniverse:thief":3,"soulslikeuniverse:hollowsoldier":1,"soulslikeuniverse:darkspirit":2,"minecraft:drowned":1,"soulslikeuniverse:monsterhollow":5,"soulslikeuniverse:fieldboss_countrobert":1,"soulslikeuniverse:solaire":3,"soulslikeuniverse:ghostsamurai":1,"soulslikeuniverse:monsterknight":3,"soulslikeuniverse:armedhollow":2,"minecraft:enderman":4},"minecraft:used":{"minecraft:rotten_flesh":36,"minecraft:mutton":6,"soulslikeuniverse:legendarycruciblesword":856,"soulslikeuniverse:estusflask":26,"minecraft:dark_oak_boat":4,"epicfight:skillbook":7,"minecraft:stone_pickaxe":49,"minecraft:wooden_pickaxe":10,"minecraft:white_wool":1,"minecraft:melon_slice":56,"minecraft:bread":13,"soulslikeuniverse:dagger":307,"minecraft:cobweb":4,"minecraft:experience_bottle":17,"minecraft:iron_bars":2,"minecraft:spruce_planks":30,"minecraft:torch":6,"soulslikeuniverse:ashenknight_chestplate":1,"wom:stone_staff":328,"minecraft:dark_oak_planks":24,"soulslikeuniverse:legendarymace":94,"minecraft:totem_of_undying":1,"minecraft:beef":6,"minecraft:cooked_beef":1,"minecraft:crafting_table":4,"minecraft:white_bed":5,"minecraft:green_carpet":1,"minecraft:porkchop":25,"minecraft:candle":2},"minecraft:custom":{"minecraft:interact_with_crafting_table":27,"minecraft:open_barrel":43,"minecraft:leave_game":3,"minecraft:time_since_death":49575,"minecraft:sprint_one_cm":1759396,"minecraft:drop":233,"minecraft:play_time":373782,"minecraft:deaths":78,"minecraft:jump":3123,"minecraft:interact_with_brewingstand":1,"minecraft:walk_on_water_one_cm":145371,"minecraft:interact_with_furnace":5,"minecraft:traded_with_villager":56,"minecraft:sleep_in_bed":2,"minecraft:damage_dealt":56733,"minecraft:player_kills":7,"minecraft:crouch_one_cm":15658,"minecraft:horse_one_cm":83305,"minecraft:mob_kills":258,"minecraft:interact_with_campfire":1,"minecraft:damage_dealt_resisted":275,"minecraft:climb_one_cm":10330,"minecraft:walk_one_cm":4119031,"minecraft:damage_dealt_absorbed":19277,"minecraft:sneak_time":2356,"minecraft:walk_under_water_one_cm":36425,"minecraft:boat_one_cm":444195,"minecraft:interact_with_lectern":1,"minecraft:total_world_time":373782,"minecraft:tune_noteblock":22,"minecraft:time_since_rest":49714,"minecraft:damage_taken":20668,"minecraft:swim_one_cm":29552,"minecraft:fly_one_cm":971715,"minecraft:open_chest":30,"minecraft:fall_one_cm":244849},"minecraft:dropped":{"minecraft:candle":3,"projectvibrantjourneys:bones":1,"minecraft:leather":2,"soulslikeuniverse:wanderer_helmet":1,"projectvibrantjourneys:orange_bark_mushroom":1,"minecraft:music_disc_13":1,"minecraft:emerald":5,"minecraft:cyan_terracotta":6,"minecraft:dirt":34,"soulslikeuniverse:assassin_chestplate":2,"minecraft:gold_nugget":2,"minecraft:amethyst_shard":4,"soulslikeuniverse:steelshield":1,"minecraft:dark_oak_planks":1,"minecraft:white_wool":2,"projectvibrantjourneys:bark_mushroom":2,"minecraft:bone":15,"soulslikeuniverse:godricksoldier_boots":1,"soulslikeuniverse:knightsoul":12,"wom:agony":1,"minecraft:iron_nugget":1,"soulslikeuniverse:soldier_chestplate":2,"minecraft:rotten_flesh":89,"soulslikeuniverse:godricksoldier_helmet":1,"soulslikeuniverse:estusflask":23,"minecraft:white_bed":1,"soulslikeuniverse:spellstone":1,"minecraft:poppy":1,"projectvibrantjourneys:light_brown_bark_mushroom":5,"minecraft:gunpowder":8,"minecraft:skeleton_skull":1,"soulslikeuniverse:kingdomknight_leggings":1,"minecraft:leather_boots":1,"minecraft:chest":1,"soulslikeuniverse:wanderer_chestplate":1,"minecraft:blackstone_slab":1,"minecraft:basalt":2,"minecraft:arrow":12,"minecraft:beef":1,"projectvibrantjourneys:cattail":1,"minecraft:egg":1,"minecraft:wheat_seeds":4,"minecraft:golden_helmet":1,"minecraft:cobblestone":9,"minecraft:book":3,"epicfight:stone_spear":1,"minecraft:grass_block":2,"minecraft:polished_andesite":1,"projectvibrantjourneys:rocks":2,"minecraft:stick":13,"minecraft:brewing_stand":1,"minecraft:torch":1,"minecraft:wooden_axe":1,"minecraft:diamond_helmet":1,"soulslikeuniverse:hollowsoul":10,"minecraft:pumpkin":4,"soulslikeuniverse:soldier_boots":1,"minecraft:iron_axe":2,"minecraft:string":16,"minecraft:lily_pad":4,"minecraft:spruce_sapling":12,"minecraft:moss_carpet":2,"minecraft:player_head":5,"minecraft:coarse_dirt":1,"soulslikeuniverse:repairstone":1,"soulslikeuniverse:dagger":2,"minecraft:raw_iron":1,"minecraft:chicken":1,"minecraft:clay_ball":4,"minecraft:iron_boots":2,"philipsruins:broken_bone":3,"minecraft:totem_of_undying":1,"minecraft:pumpkin_seeds":4,"wom:stone_staff":1,"minecraft:deepslate_bricks":1,"minecraft:cobblestone_slab":2,"minecraft:polished_granite_stairs":2,"philipsruins:bone_chunk":2,"minecraft:diamond_chestplate":1,"soulslikeuniverse:successor_chestplate":1,"soulslikeuniverse:wanderer_boots":1,"minecraft:stone_bricks":1,"minecraft:spider_eye":4,"minecraft:spruce_log":2,"soulslikeuniverse:legendarycruciblesword":1,"minecraft:wooden_pickaxe":4,"soulslikeuniverse:giantsoul":1,"minecraft:magenta_terracotta":3,"epicfight:skillbook":4},"minecraft:killed_by":{"soulslikeuniverse:hollowsoldiersword":1,"recruits:recruit_shieldman":1,"soulslikeuniverse:badomengiant":1,"irons_spellbooks:pyromancer":1,"minecraft:creeper":2,"soulslikeuniverse:fieldboss_mohg":3,"soulslikeuniverse:fieldboss_countrobert":2,"recruits:horseman":1,"minecraft:vindicator":1,"minecraft:silverfish":1,"soulslikeuniverse:nobleknight":1,"minecraft:zombie":6,"soulslikeuniverse:fieldboss_elemer":2,"minecraft:vex":6,"minecraft:illusioner":5,"minecraft:player":16,"soulslikeuniverse:monstersuccessor":2,"recruits:nomad":1,"soulslikeuniverse:berserker":1,"soulslikeuniverse:fieldboss_crucibleknight":5,"recruits:crossbowman":1,"soulslikeuniverse:monstergodricksoldier":2,"minecraft:skeleton":3,"soulslikeuniverse:monsterblasphemyknight":1},"minecraft:crafted":{"minecraft:dark_oak_boat":1,"minecraft:chest":2,"sophisticatedbackpacks:backpack":1,"minecraft:emerald":112,"minecraft:crafting_table":2,"minecraft:spruce_planks":24,"minecraft:wooden_pickaxe":1,"minecraft:stick":12,"minecraft:gold_ingot":27,"wom:stone_staff":1,"biomesoplenty:maple_planks":32,"minecraft:stone_pickaxe":1,"minecraft:dark_oak_planks":56,"sophisticatedbackpacks:iron_backpack":1,"sophisticatedbackpacks:gold_backpack":1,"minecraft:air":0,"minecraft:white_bed":1,"minecraft:torch":16},"minecraft:broken":{"wom:stone_staff":1,"minecraft:diamond_helmet":1,"minecraft:chainmail_leggings":1},"minecraft:picked_up":{"minecraft:wooden_axe":1,"irons_spellbooks:scroll":1,"minecraft:enchanted_book":1,"wom:stone_staff":1,"minecraft:brewing_stand":1,"minecraft:string":37,"minecraft:experience_bottle":6,"irons_spellbooks:arcane_essence":8,"soulslikeuniverse:hollowsoul":15,"minecraft:gold_nugget":6,"minecraft:spruce_planks":6,"minecraft:cobblestone_slab":2,"minecraft:melon_slice":56,"irons_spellbooks:inscription_table":1,"minecraft:golden_helmet":1,"minecraft:stick":12,"soulslikeuniverse:spawnmagicwhitephantom":1,"minecraft:torch":5,"epicfight:skillbook":8,"minecraft:porkchop":25,"soulslikeuniverse:kingdomknight_leggings":1,"minecraft:stone_sword":1,"soulslikeuniverse:assassin_chestplate":2,"minecraft:rotten_flesh":146,"soulslikeuniverse:steelshield":1,"soulslikeuniverse:estusflask":48,"minecraft:cyan_terracotta":6,"minecraft:end_rod":2,"projectvibrantjourneys:cattail":1,"soulslikeuniverse:successor_chestplate":1,"minecraft:iron_bars":2,"minecraft:cobblestone":31,"minecraft:cooked_beef":1,"epicfight:stone_spear":1,"minecraft:dark_oak_boat":4,"minecraft:potato":1,"projectvibrantjourneys:rocks":2,"minecraft:lapis_lazuli":2,"minecraft:magenta_terracotta":3,"minecraft:dirt":34,"soulslikeuniverse:legendarymace":1,"minecraft:leather_boots":1,"minecraft:bone":45,"minecraft:wheat_seeds":4,"minecraft:diamond_helmet":1,"soulslikeuniverse:legendarycruciblesword":2,"minecraft:grass_block":3,"minecraft:dark_oak_log":14,"minecraft:light_gray_concrete":9,"minecraft:polished_andesite":1,"minecraft:diamond":1,"soulslikeuniverse:soldier_chestplate":2,"soulslikeuniverse:dagger":1,"minecraft:emerald":2,"soulslikeuniverse:wanderer_boots":1,"minecraft:crafting_table":3,"minecraft:coarse_dirt":1,"minecraft:chicken":2,"minecraft:clay_ball":4,"minecraft:wooden_pickaxe":3,"soulslikeuniverse:firetemplesword":1,"minecraft:moss_carpet":2,"minecraft:iron_axe":2,"minecraft:candle":60,"minecraft:beef":10,"soulslikeuniverse:spear":1,"minecraft:player_head":7,"minecraft:iron_nugget":1,"minecraft:poppy":1,"soulslikeuniverse:wanderer_helmet":1,"minecraft:egg":2,"minecraft:raw_iron":1,"projectvibrantjourneys:bark_mushroom":3,"soulslikeuniverse:soldier_boots":1,"minecraft:dark_oak_planks":10,"soulslikeuniverse:legendaryexecutionersword":1,"minecraft:polished_granite_stairs":2,"minecraft:arrow":35,"minecraft:deepslate_bricks":1,"minecraft:hay_block":9,"soulslikeuniverse:repairstone":16,"minecraft:mutton":6,"minecraft:skeleton_skull":1,"minecraft:white_wool":7,"minecraft:basalt":2,"philipsruins:bone_chunk":2,"minecraft:leather":18,"minecraft:blackstone_slab":1,"minecraft:lily_pad":4,"minecraft:gunpowder":23,"soulslikeuniverse:spellstone":4,"soulslikeuniverse:giantsoul":1,"minecraft:stone_bricks":1,"soulslikeuniverse:godricksoldier_helmet":1,"biomesoplenty:maple_log":8,"minecraft:iron_ingot":1,"philipsruins:broken_bone":6,"minecraft:book":3,"wom:agony":1,"projectvibrantjourneys:light_brown_bark_mushroom":5,"minecraft:pumpkin":2,"soulslikeuniverse:wanderer_chestplate":1,"projectvibrantjourneys:bones":1,"minecraft:amethyst_shard":4,"minecraft:spruce_sapling":12,"minecraft:white_bed":5,"minecraft:spruce_log":8,"minecraft:green_carpet":1,"minecraft:spider_eye":6,"soulslikeuniverse:godricksoldier_boots":1,"minecraft:pumpkin_seeds":4,"minecraft:chainmail_leggings":1,"soulslikeuniverse:knightsoul":13,"projectvibrantjourneys:orange_bark_mushroom":1,"minecraft:coal":4,"minecraft:ender_pearl":3}},"DataVersion":3465}