{"stats":{"minecraft:killed":{"minecraft:spider":2,"minecraft:skeleton":4,"minecraft:silverfish":9,"soulslikeuniverse:monsterhollow":1,"minecraft:illusioner":1,"minecraft:pig":1,"irons_spellbooks:necromancer":2,"minecraft:sheep":4,"minecraft:pillager":9,"soulslikeuniverse:monstergodrickknight":1,"minecraft:zombie":35,"minecraft:enderman":2,"minecraft:cow":3},"minecraft:mined":{"minecraft:dark_oak_planks":1,"minecraft:white_bed":3,"minecraft:candle":22,"minecraft:dark_oak_log":14,"biomesoplenty:red_maple_leaves":1,"minecraft:spruce_leaves":1,"minecraft:large_fern":2,"minecraft:hay_block":4,"minecraft:iron_ore":1,"minecraft:andesite":4,"minecraft:pumpkin":1,"minecraft:bookshelf":1,"minecraft:light_gray_concrete":9,"irons_spellbooks:inscription_table":1,"minecraft:stone":27,"minecraft:player_head":5,"biomesoplenty:maple_log":8,"minecraft:cyan_terracotta":6,"minecraft:crafting_table":2,"minecraft:melon":4,"projectvibrantjourneys:natural_cobweb":1,"minecraft:copper_ore":1,"minecraft:skeleton_skull":1,"minecraft:spruce_log":6,"minecraft:grass":3,"minecraft:coal_ore":2,"projectvibrantjourneys:short_grass":5,"minecraft:end_rod":2,"minecraft:cobweb":5,"minecraft:polished_andesite":5,"minecraft:mossy_stone_bricks":1,"minecraft:fern":1},"minecraft:used":{"minecraft:spruce_planks":18,"minecraft:rotten_flesh":4,"minecraft:mutton":4,"soulslikeuniverse:legendarycruciblesword":153,"wom:stone_staff":328,"minecraft:dark_oak_planks":1,"minecraft:beef":5,"minecraft:cooked_beef":1,"epicfight:skillbook":5,"minecraft:stone_pickaxe":48,"minecraft:wooden_pickaxe":10,"minecraft:crafting_table":3,"minecraft:white_bed":3,"minecraft:melon_slice":19,"minecraft:porkchop":3,"soulslikeuniverse:dagger":304,"minecraft:candle":2,"minecraft:cobweb":4},"minecraft:custom":{"minecraft:mob_kills":77,"minecraft:interact_with_crafting_table":19,"minecraft:open_barrel":16,"minecraft:interact_with_campfire":1,"minecraft:damage_dealt_resisted":212,"minecraft:leave_game":1,"minecraft:time_since_death":5699,"minecraft:climb_one_cm":646,"minecraft:sprint_one_cm":546666,"minecraft:walk_one_cm":1884036,"minecraft:drop":118,"minecraft:damage_dealt_absorbed":2961,"minecraft:play_time":167594,"minecraft:deaths":42,"minecraft:sneak_time":1015,"minecraft:walk_under_water_one_cm":215,"minecraft:interact_with_lectern":1,"minecraft:jump":1262,"minecraft:interact_with_brewingstand":1,"minecraft:walk_on_water_one_cm":66100,"minecraft:total_world_time":167594,"minecraft:interact_with_furnace":1,"minecraft:traded_with_villager":56,"minecraft:sleep_in_bed":1,"minecraft:time_since_rest":5961,"minecraft:damage_taken":10772,"minecraft:damage_dealt":19214,"minecraft:swim_one_cm":7951,"minecraft:fly_one_cm":263965,"minecraft:open_chest":8,"minecraft:crouch_one_cm":6415,"minecraft:fall_one_cm":23910,"minecraft:horse_one_cm":83305},"minecraft:killed_by":{"recruits:recruit_shieldman":1,"minecraft:player":5,"irons_spellbooks:pyromancer":1,"soulslikeuniverse:monstersuccessor":2,"recruits:nomad":1,"minecraft:creeper":2,"recruits:crossbowman":1,"soulslikeuniverse:fieldboss_countrobert":1,"recruits:horseman":1,"minecraft:vindicator":1,"minecraft:silverfish":1,"minecraft:skeleton":2,"minecraft:zombie":3,"soulslikeuniverse:monsterblasphemyknight":1,"minecraft:vex":6,"minecraft:illusioner":5},"minecraft:dropped":{"minecraft:candle":3,"minecraft:wheat_seeds":1,"minecraft:cobblestone":6,"minecraft:book":3,"minecraft:leather":2,"epicfight:stone_spear":1,"minecraft:grass_block":1,"minecraft:polished_andesite":1,"minecraft:music_disc_13":1,"minecraft:stick":10,"minecraft:emerald":5,"minecraft:cyan_terracotta":6,"minecraft:dirt":25,"minecraft:brewing_stand":1,"minecraft:torch":1,"soulslikeuniverse:hollowsoul":2,"minecraft:gold_nugget":1,"minecraft:pumpkin":4,"minecraft:string":12,"minecraft:white_wool":2,"projectvibrantjourneys:bark_mushroom":1,"minecraft:spruce_sapling":12,"minecraft:bone":15,"minecraft:moss_carpet":2,"minecraft:player_head":4,"minecraft:iron_nugget":1,"minecraft:coarse_dirt":1,"soulslikeuniverse:dagger":1,"minecraft:raw_iron":1,"minecraft:rotten_flesh":52,"philipsruins:broken_bone":3,"minecraft:totem_of_undying":1,"minecraft:pumpkin_seeds":4,"soulslikeuniverse:spellstone":1,"wom:stone_staff":1,"minecraft:deepslate_bricks":1,"minecraft:cobblestone_slab":2,"projectvibrantjourneys:light_brown_bark_mushroom":4,"minecraft:polished_granite_stairs":2,"minecraft:gunpowder":8,"philipsruins:bone_chunk":2,"minecraft:chest":1,"minecraft:stone_bricks":1,"minecraft:blackstone_slab":1,"minecraft:basalt":2,"minecraft:arrow":10,"minecraft:beef":1,"minecraft:wooden_pickaxe":4,"epicfight:skillbook":3},"minecraft:crafted":{"wom:stone_staff":1,"biomesoplenty:maple_planks":32,"minecraft:stone_pickaxe":1,"minecraft:chest":2,"minecraft:dark_oak_planks":56,"minecraft:emerald":112,"sophisticatedbackpacks:backpack":1,"minecraft:crafting_table":1,"minecraft:spruce_planks":24,"minecraft:wooden_pickaxe":1,"minecraft:air":0,"minecraft:stick":12,"minecraft:white_bed":1},"minecraft:broken":{"wom:stone_staff":1,"minecraft:chainmail_leggings":1},"minecraft:picked_up":{"irons_spellbooks:scroll":1,"minecraft:coarse_dirt":1,"minecraft:crafting_table":2,"minecraft:wooden_pickaxe":3,"minecraft:enchanted_book":1,"wom:stone_staff":1,"minecraft:brewing_stand":1,"minecraft:moss_carpet":2,"minecraft:string":22,"minecraft:experience_bottle":6,"irons_spellbooks:arcane_essence":6,"minecraft:candle":60,"minecraft:gold_nugget":1,"soulslikeuniverse:hollowsoul":4,"minecraft:beef":7,"minecraft:cobblestone_slab":2,"minecraft:player_head":5,"minecraft:iron_nugget":1,"minecraft:melon_slice":56,"irons_spellbooks:inscription_table":1,"minecraft:golden_helmet":1,"minecraft:raw_iron":1,"minecraft:stick":9,"projectvibrantjourneys:bark_mushroom":1,"minecraft:torch":1,"epicfight:skillbook":3,"minecraft:porkchop":3,"minecraft:dark_oak_planks":1,"minecraft:polished_granite_stairs":2,"minecraft:arrow":11,"minecraft:rotten_flesh":71,"soulslikeuniverse:estusflask":16,"minecraft:hay_block":9,"minecraft:deepslate_bricks":1,"minecraft:cyan_terracotta":6,"minecraft:end_rod":2,"soulslikeuniverse:repairstone":3,"minecraft:mutton":4,"minecraft:skeleton_skull":1,"minecraft:white_wool":5,"minecraft:cobblestone":28,"minecraft:cooked_beef":1,"epicfight:stone_spear":1,"minecraft:basalt":2,"philipsruins:bone_chunk":2,"minecraft:leather":6,"minecraft:blackstone_slab":1,"minecraft:gunpowder":14,"minecraft:lapis_lazuli":2,"minecraft:dirt":25,"soulslikeuniverse:spellstone":2,"minecraft:bone":18,"minecraft:stone_bricks":1,"minecraft:wheat_seeds":2,"biomesoplenty:maple_log":8,"philipsruins:broken_bone":6,"minecraft:book":3,"projectvibrantjourneys:light_brown_bark_mushroom":4,"minecraft:pumpkin":2,"projectvibrantjourneys:bones":1,"minecraft:amethyst_shard":4,"minecraft:spruce_sapling":12,"soulslikeuniverse:legendarycruciblesword":1,"minecraft:grass_block":1,"minecraft:white_bed":3,"minecraft:spruce_log":6,"minecraft:dark_oak_log":14,"minecraft:light_gray_concrete":9,"minecraft:polished_andesite":1,"minecraft:pumpkin_seeds":4,"minecraft:diamond":1,"minecraft:chainmail_leggings":1,"soulslikeuniverse:dagger":1,"minecraft:emerald":1,"soulslikeuniverse:knightsoul":1,"minecraft:coal":4,"minecraft:ender_pearl":1}},"DataVersion":3465}