{"stats":{"minecraft:killed":{"soulslikeuniverse:hollowknight":3,"minecraft:cave_spider":1,"irons_spellbooks:summoned_zombie":3,"minecraft:zombified_piglin":1,"minecraft:vindicator":1,"minecraft:spider":3,"soulslikeuniverse:monstersuccessor":1,"minecraft:skeleton":16,"soulslikeuniverse:darkspirit":1,"soulslikeuniverse:hollowsoldiersword":2,"minecraft:silverfish":9,"soulslikeuniverse:monsterhollow":2,"minecraft:illusioner":1,"irons_spellbooks:summoned_skeleton":2,"soulslikeuniverse:solaire":2,"soulslikeuniverse:templeguard":1,"soulslikeuniverse:havel":1,"minecraft:pig":3,"soulslikeuniverse:ghostsamurai":1,"irons_spellbooks:necromancer":3,"minecraft:creeper":6,"minecraft:sheep":4,"soulslikeuniverse:monsterknight":2,"minecraft:pillager":9,"soulslikeuniverse:monstergodrickknight":1,"minecraft:zombie":61,"soulslikeuniverse:monstergodricksoldier":3,"soulslikeuniverse:badomengiant":1,"soulslikeuniverse:armedhollow":2,"minecraft:enderman":3,"minecraft:cow":3},"minecraft:mined":{"minecraft:dark_oak_planks":1,"minecraft:spruce_planks":4,"minecraft:white_bed":3,"minecraft:candle":22,"minecraft:dark_oak_log":14,"biomesoplenty:red_maple_leaves":1,"minecraft:spruce_leaves":1,"minecraft:large_fern":2,"minecraft:hay_block":4,"minecraft:iron_ore":1,"minecraft:andesite":4,"minecraft:pumpkin":1,"minecraft:bookshelf":1,"minecraft:light_gray_concrete":9,"minecraft:green_carpet":1,"irons_spellbooks:inscription_table":1,"minecraft:stone":27,"minecraft:player_head":5,"minecraft:white_wool":1,"biomesoplenty:maple_log":8,"minecraft:cyan_terracotta":6,"minecraft:crafting_table":2,"minecraft:melon":4,"projectvibrantjourneys:natural_cobweb":1,"minecraft:copper_ore":1,"minecraft:wall_torch":4,"minecraft:skeleton_skull":1,"minecraft:spruce_log":6,"minecraft:grass":4,"minecraft:coal_ore":2,"projectvibrantjourneys:short_grass":5,"minecraft:end_rod":2,"minecraft:cobweb":11,"minecraft:polished_andesite":5,"minecraft:mossy_stone_bricks":1,"minecraft:fern":1},"minecraft:used":{"minecraft:iron_bars":2,"minecraft:spruce_planks":30,"minecraft:rotten_flesh":36,"minecraft:torch":6,"minecraft:mutton":4,"soulslikeuniverse:ashenknight_chestplate":1,"soulslikeuniverse:legendarycruciblesword":513,"wom:stone_staff":328,"minecraft:dark_oak_planks":1,"soulslikeuniverse:estusflask":8,"minecraft:beef":5,"minecraft:cooked_beef":1,"epicfight:skillbook":7,"minecraft:stone_pickaxe":48,"minecraft:wooden_pickaxe":10,"minecraft:white_wool":1,"minecraft:crafting_table":3,"minecraft:white_bed":3,"minecraft:bread":12,"minecraft:melon_slice":56,"minecraft:green_carpet":1,"minecraft:porkchop":8,"soulslikeuniverse:dagger":307,"minecraft:candle":2,"minecraft:cobweb":4},"minecraft:custom":{"minecraft:mob_kills":156,"minecraft:interact_with_crafting_table":26,"minecraft:open_barrel":42,"minecraft:interact_with_campfire":1,"minecraft:damage_dealt_resisted":212,"minecraft:leave_game":1,"minecraft:time_since_death":6589,"minecraft:climb_one_cm":9269,"minecraft:sprint_one_cm":1072318,"minecraft:walk_one_cm":3144949,"minecraft:drop":150,"minecraft:damage_dealt_absorbed":10718,"minecraft:play_time":263594,"minecraft:deaths":53,"minecraft:sneak_time":1991,"minecraft:walk_under_water_one_cm":7736,"minecraft:interact_with_lectern":1,"minecraft:jump":1902,"minecraft:interact_with_brewingstand":1,"minecraft:walk_on_water_one_cm":76714,"minecraft:total_world_time":263594,"minecraft:interact_with_furnace":5,"minecraft:traded_with_villager":56,"minecraft:tune_noteblock":22,"minecraft:sleep_in_bed":1,"minecraft:time_since_rest":6723,"minecraft:damage_taken":14118,"minecraft:damage_dealt":36519,"minecraft:swim_one_cm":7951,"minecraft:fly_one_cm":431383,"minecraft:player_kills":4,"minecraft:open_chest":30,"minecraft:crouch_one_cm":14438,"minecraft:fall_one_cm":85014,"minecraft:horse_one_cm":83305},"minecraft:killed_by":{"recruits:recruit_shieldman":1,"minecraft:player":11,"irons_spellbooks:pyromancer":1,"soulslikeuniverse:monstersuccessor":2,"recruits:nomad":1,"minecraft:creeper":2,"soulslikeuniverse:fieldboss_mohg":1,"soulslikeuniverse:fieldboss_crucibleknight":2,"recruits:crossbowman":1,"soulslikeuniverse:fieldboss_countrobert":1,"recruits:horseman":1,"minecraft:vindicator":1,"minecraft:silverfish":1,"soulslikeuniverse:nobleknight":1,"minecraft:skeleton":2,"minecraft:zombie":3,"soulslikeuniverse:monsterblasphemyknight":1,"minecraft:vex":6,"minecraft:illusioner":5},"minecraft:dropped":{"minecraft:candle":3,"minecraft:wheat_seeds":4,"minecraft:cobblestone":6,"minecraft:book":3,"projectvibrantjourneys:bones":1,"minecraft:leather":2,"epicfight:stone_spear":1,"minecraft:grass_block":2,"projectvibrantjourneys:rocks":1,"minecraft:polished_andesite":1,"minecraft:music_disc_13":1,"minecraft:stick":11,"minecraft:emerald":5,"minecraft:cyan_terracotta":6,"minecraft:dirt":25,"soulslikeuniverse:assassin_chestplate":1,"minecraft:brewing_stand":1,"minecraft:torch":1,"minecraft:wooden_axe":1,"minecraft:iron_axe":2,"soulslikeuniverse:soldier_boots":1,"soulslikeuniverse:hollowsoul":2,"minecraft:gold_nugget":2,"minecraft:pumpkin":4,"soulslikeuniverse:steelshield":1,"minecraft:dark_oak_planks":1,"minecraft:string":12,"minecraft:white_wool":2,"projectvibrantjourneys:bark_mushroom":1,"minecraft:spruce_sapling":12,"minecraft:bone":15,"minecraft:moss_carpet":2,"minecraft:player_head":5,"minecraft:iron_nugget":1,"minecraft:coarse_dirt":1,"soulslikeuniverse:repairstone":1,"soulslikeuniverse:dagger":1,"minecraft:raw_iron":1,"soulslikeuniverse:soldier_chestplate":1,"minecraft:rotten_flesh":63,"philipsruins:broken_bone":3,"soulslikeuniverse:godricksoldier_helmet":1,"soulslikeuniverse:estusflask":23,"minecraft:totem_of_undying":1,"minecraft:pumpkin_seeds":4,"soulslikeuniverse:spellstone":1,"wom:stone_staff":1,"minecraft:deepslate_bricks":1,"minecraft:cobblestone_slab":2,"projectvibrantjourneys:light_brown_bark_mushroom":4,"minecraft:polished_granite_stairs":2,"minecraft:gunpowder":8,"philipsruins:bone_chunk":2,"minecraft:diamond_chestplate":1,"minecraft:skeleton_skull":1,"soulslikeuniverse:kingdomknight_leggings":1,"minecraft:leather_boots":1,"minecraft:chest":1,"minecraft:stone_bricks":1,"minecraft:blackstone_slab":1,"minecraft:basalt":2,"minecraft:arrow":11,"minecraft:beef":1,"minecraft:wooden_pickaxe":4,"minecraft:magenta_terracotta":3,"epicfight:skillbook":4},"minecraft:crafted":{"wom:stone_staff":1,"biomesoplenty:maple_planks":32,"minecraft:stone_pickaxe":1,"minecraft:chest":2,"minecraft:dark_oak_planks":56,"sophisticatedbackpacks:iron_backpack":1,"minecraft:emerald":112,"sophisticatedbackpacks:backpack":1,"minecraft:crafting_table":1,"minecraft:spruce_planks":24,"minecraft:wooden_pickaxe":1,"sophisticatedbackpacks:gold_backpack":1,"minecraft:air":0,"minecraft:stick":12,"minecraft:gold_ingot":27,"minecraft:white_bed":1,"minecraft:torch":16},"minecraft:broken":{"wom:stone_staff":1,"minecraft:chainmail_leggings":1},"minecraft:picked_up":{"irons_spellbooks:scroll":1,"minecraft:coarse_dirt":1,"minecraft:crafting_table":2,"minecraft:wooden_pickaxe":3,"minecraft:enchanted_book":1,"wom:stone_staff":1,"minecraft:brewing_stand":1,"minecraft:moss_carpet":2,"minecraft:string":29,"minecraft:iron_axe":2,"minecraft:experience_bottle":6,"irons_spellbooks:arcane_essence":8,"minecraft:candle":60,"minecraft:gold_nugget":6,"soulslikeuniverse:hollowsoul":9,"minecraft:spruce_planks":6,"minecraft:beef":7,"minecraft:cobblestone_slab":2,"minecraft:player_head":7,"minecraft:iron_nugget":1,"minecraft:melon_slice":56,"irons_spellbooks:inscription_table":1,"soulslikeuniverse:wanderer_helmet":1,"minecraft:golden_helmet":1,"minecraft:raw_iron":1,"minecraft:stick":10,"projectvibrantjourneys:bark_mushroom":1,"minecraft:torch":5,"epicfight:skillbook":6,"minecraft:porkchop":8,"soulslikeuniverse:kingdomknight_leggings":1,"soulslikeuniverse:soldier_boots":1,"minecraft:dark_oak_planks":2,"soulslikeuniverse:assassin_chestplate":2,"minecraft:polished_granite_stairs":2,"minecraft:arrow":27,"minecraft:rotten_flesh":103,"soulslikeuniverse:steelshield":1,"soulslikeuniverse:estusflask":30,"minecraft:hay_block":9,"minecraft:deepslate_bricks":1,"minecraft:cyan_terracotta":6,"minecraft:end_rod":2,"soulslikeuniverse:repairstone":10,"minecraft:mutton":4,"minecraft:iron_bars":2,"minecraft:skeleton_skull":1,"minecraft:white_wool":6,"minecraft:cobblestone":28,"minecraft:cooked_beef":1,"epicfight:stone_spear":1,"minecraft:basalt":2,"philipsruins:bone_chunk":2,"minecraft:leather":9,"minecraft:blackstone_slab":1,"minecraft:potato":1,"minecraft:gunpowder":17,"projectvibrantjourneys:rocks":2,"minecraft:magenta_terracotta":3,"minecraft:lapis_lazuli":2,"minecraft:dirt":25,"soulslikeuniverse:spellstone":2,"soulslikeuniverse:giantsoul":1,"minecraft:leather_boots":1,"minecraft:bone":32,"minecraft:stone_bricks":1,"minecraft:wheat_seeds":4,"soulslikeuniverse:godricksoldier_helmet":1,"biomesoplenty:maple_log":8,"philipsruins:broken_bone":6,"minecraft:book":3,"projectvibrantjourneys:light_brown_bark_mushroom":4,"minecraft:pumpkin":2,"soulslikeuniverse:wanderer_chestplate":1,"projectvibrantjourneys:bones":1,"minecraft:amethyst_shard":4,"minecraft:spruce_sapling":12,"soulslikeuniverse:legendarycruciblesword":1,"minecraft:grass_block":2,"minecraft:white_bed":3,"minecraft:spruce_log":6,"minecraft:green_carpet":1,"minecraft:dark_oak_log":14,"minecraft:spider_eye":2,"soulslikeuniverse:godricksoldier_boots":1,"minecraft:light_gray_concrete":9,"minecraft:polished_andesite":1,"minecraft:pumpkin_seeds":4,"minecraft:diamond":1,"minecraft:chainmail_leggings":1,"soulslikeuniverse:soldier_chestplate":2,"soulslikeuniverse:dagger":1,"minecraft:emerald":2,"soulslikeuniverse:knightsoul":8,"minecraft:wooden_axe":1,"minecraft:coal":4,"minecraft:ender_pearl":2}},"DataVersion":3465}