{"stats":{"minecraft:dropped":{"minecraft:candle":1,"minecraft:glass_bottle":1,"minecraft:leather":1,"projectvibrantjourneys:orange_bark_mushroom":10,"minecraft:cyan_terracotta":2,"minecraft:dirt":69,"soulslikeuniverse:assassin_chestplate":1,"irons_spellbooks:arcane_essence":1,"minecraft:gold_nugget":1,"projectvibrantjourneys:mossy_rocks":2,"minecraft:purple_wool":2,"minecraft:white_wool":1,"projectvibrantjourneys:bark_mushroom":4,"minecraft:bone":21,"minecraft:oak_door":1,"minecraft:stone_axe":2,"irons_spellbooks:fire_rune":1,"minecraft:iron_nugget":3,"projectvibrantjourneys:twigs":2,"minecraft:wheat":2,"soulslikeuniverse:soldier_chestplate":2,"minecraft:rotten_flesh":2,"soulslikeuniverse:godricksoldier_helmet":1,"soulslikeuniverse:spellstone":1,"minecraft:chiseled_stone_bricks":1,"minecraft:poppy":1,"projectvibrantjourneys:light_brown_bark_mushroom":4,"minecraft:tipped_arrow":2,"minecraft:gunpowder":14,"minecraft:leather_boots":3,"minecraft:iron_bars":6,"minecraft:arrow":10,"projectvibrantjourneys:cattail":2,"minecraft:egg":10,"minecraft:bread":12,"minecraft:wheat_seeds":1,"minecraft:feather":6,"minecraft:cobblestone":1,"epicfight:stone_spear":2,"soulslikeuniverse:legendaryexecutionersword":1,"minecraft:grass_block":2,"minecraft:coal":6,"minecraft:polished_andesite":4,"projectvibrantjourneys:rocks":2,"minecraft:stick":7,"irons_spellbooks:scroll":1,"minecraft:gray_wool":2,"minecraft:torch":2,"minecraft:wooden_axe":2,"minecraft:rose_bush":1,"minecraft:green_carpet":2,"epicfight:stone_greatsword":1,"minecraft:white_banner":1,"minecraft:iron_axe":4,"minecraft:paper":1,"minecraft:string":3,"minecraft:lily_pad":1,"minecraft:spruce_sapling":15,"minecraft:moss_carpet":3,"soulslikeuniverse:soldier_helmet":1,"minecraft:player_head":3,"minecraft:stone_sword":1,"soulslikeuniverse:dagger":3,"minecraft:chicken":4,"minecraft:clay_ball":4,"philipsruins:broken_bone":6,"wom:stone_staff":3,"magistuarmory:chainmail_horse_armor":3,"minecraft:flower_pot":1,"minecraft:andesite":8,"minecraft:mossy_stone_bricks":1,"minecraft:spider_eye":3,"minecraft:spruce_log":2,"minecraft:bow":2,"soulslikeuniverse:legendarycruciblesword":1,"epicfight:skillbook":4},"minecraft:mined":{"minecraft:spruce_planks":3,"minecraft:grass_block":3,"minecraft:chiseled_stone_bricks":1,"minecraft:fire":2,"minecraft:barrel":3,"minecraft:fletching_table":1,"minecraft:water_cauldron":3,"minecraft:iron_bars":2,"minecraft:spruce_wood":4,"minecraft:player_head":1,"minecraft:clay":1,"minecraft:note_block":2,"minecraft:melon":12,"projectvibrantjourneys:fallen_leaves":1,"minecraft:jukebox":2,"projectvibrantjourneys:short_grass":7,"minecraft:dirt":1,"minecraft:dark_oak_leaves":1,"minecraft:candle":11,"minecraft:glow_lichen":2,"minecraft:spruce_leaves":8,"minecraft:hay_block":24,"minecraft:bookshelf":6,"minecraft:lantern":1,"minecraft:stone":11,"minecraft:white_wool":11,"minecraft:crafting_table":10,"minecraft:campfire":1,"minecraft:tall_grass":1,"projectvibrantjourneys:red_sandstone_rocks":1,"minecraft:spruce_log":16,"minecraft:gravel":1,"minecraft:mossy_stone_bricks":1,"minecraft:fern":1},"minecraft:broken":{"minecraft:iron_boots":1,"soulslikeuniverse:ashenknight_chestplate":1,"minecraft:golden_leggings":1,"epicfight:stone_spear":1,"soulslikeuniverse:round_helmet":1,"soulslikeuniverse:soldier_leggings":1,"minecraft:leather_boots":1,"minecraft:iron_helmet":1},"minecraft:used":{"minecraft:player_head":1,"minecraft:rotten_flesh":120,"minecraft:mutton":8,"soulslikeuniverse:legendarycruciblesword":179,"soulslikeuniverse:soldier_leggings":1,"soulslikeuniverse:estusflask":123,"minecraft:stone_brick_stairs":1,"minecraft:bow":2,"minecraft:hay_block":1,"minecraft:furnace":1,"minecraft:egg":2,"minecraft:potato":2,"epicfight:skillbook":32,"minecraft:stone_pickaxe":23,"minecraft:clay":1,"minecraft:white_wool":12,"projectvibrantjourneys:pinecones":1,"minecraft:bread":83,"minecraft:gravel":1,"minecraft:diamond_sword":4,"soulslikeuniverse:dagger":120,"minecraft:flint_and_steel":1,"minecraft:spruce_planks":24,"minecraft:dirt":11,"projectvibrantjourneys:bark_mushroom":1,"wom:stone_staff":97,"soulslikeuniverse:legendarymace":1539,"projectvibrantjourneys:red_sandstone_rocks":2,"minecraft:barrel":3,"minecraft:beef":7,"minecraft:acacia_wood":1,"minecraft:cooked_beef":2,"minecraft:pumpkin":2,"minecraft:polished_andesite":2,"minecraft:baked_potato":1,"minecraft:fletching_table":1,"minecraft:leather_boots":1,"minecraft:crafting_table":9,"minecraft:white_bed":1,"minecraft:campfire":1,"minecraft:spruce_log":1,"epicfight:stone_spear":1,"soulslikeuniverse:longinusspear":8,"minecraft:chicken":3,"minecraft:spruce_sapling":4,"soulslikeuniverse:round_helmet":1,"minecraft:stone_axe":19,"minecraft:cobblestone":10,"minecraft:cooked_porkchop":9,"minecraft:porkchop":9},"minecraft:picked_up":{"minecraft:wooden_axe":2,"irons_spellbooks:scroll":7,"minecraft:wheat":10,"minecraft:flower_pot":1,"soulslikeuniverse:blasphemyfragment":2,"wom:stone_staff":2,"minecraft:stone_brick_stairs":1,"minecraft:brewing_stand":1,"projectvibrantjourneys:mossy_rocks":3,"minecraft:music_disc_cat":1,"minecraft:string":53,"projectvibrantjourneys:red_sandstone_rocks":2,"soulslikeuniverse:longinusspear":1,"irons_spellbooks:arcane_essence":10,"soulslikeuniverse:hollowsoul":42,"minecraft:gold_nugget":1,"minecraft:spruce_planks":3,"minecraft:rose_bush":1,"minecraft:melon_slice":56,"minecraft:iron_boots":1,"minecraft:tipped_arrow":2,"minecraft:stick":4,"minecraft:jukebox":2,"soulslikeuniverse:spawnmagicwhitephantom":7,"soulslikeuniverse:crusader_boots":1,"minecraft:torch":3,"minecraft:porkchop":28,"epicfight:skillbook":23,"irons_spellbooks:fire_rune":1,"minecraft:cauldron":3,"minecraft:stone_sword":1,"soulslikeuniverse:assassin_chestplate":1,"wom:tormented_mind":1,"minecraft:rotten_flesh":174,"soulslikeuniverse:estusflask":111,"minecraft:cyan_terracotta":4,"projectvibrantjourneys:cattail":2,"minecraft:iron_bars":6,"minecraft:cobblestone":27,"minecraft:cooked_beef":2,"epicfight:stone_spear":3,"minecraft:feather":11,"minecraft:andesite":8,"soulslikeuniverse:siegmeyershield":1,"minecraft:golden_leggings":1,"projectvibrantjourneys:rocks":2,"minecraft:dirt":61,"minecraft:lantern":1,"soulslikeuniverse:legendarymace":1,"minecraft:leather_boots":4,"minecraft:bone":72,"minecraft:bow":6,"minecraft:wheat_seeds":4,"minecraft:fletching_table":1,"minecraft:mossy_stone_bricks":1,"irons_spellbooks:frozen_bone":1,"minecraft:cooked_porkchop":2,"soulslikeuniverse:soldier_helmet":4,"irons_spellbooks:legendary_ink":1,"soulslikeuniverse:soldier_leggings":1,"soulslikeuniverse:briar_leggings":1,"soulslikeuniverse:legendarycruciblesword":1,"minecraft:grass_block":1,"minecraft:barrel":3,"minecraft:polished_andesite":6,"soulslikeuniverse:soldier_chestplate":2,"soulslikeuniverse:dagger":2,"minecraft:emerald":12,"minecraft:bread":12,"irons_spellbooks:uncommon_ink":1,"soulslikeuniverse:longsword":4,"minecraft:charcoal":2,"minecraft:crafting_table":9,"minecraft:purple_wool":4,"minecraft:chicken":7,"minecraft:clay_ball":8,"minecraft:brown_mushroom":1,"minecraft:moss_carpet":3,"minecraft:iron_axe":5,"minecraft:candle":38,"minecraft:beef":7,"minecraft:player_head":5,"soulslikeuniverse:round_helmet":1,"minecraft:iron_nugget":2,"minecraft:poppy":1,"minecraft:chest":1,"minecraft:spruce_trapdoor":2,"minecraft:phantom_membrane":3,"minecraft:egg":12,"minecraft:oak_door":1,"projectvibrantjourneys:bark_mushroom":4,"minecraft:note_block":2,"soulslikeuniverse:soldier_boots":1,"soulslikeuniverse:legendaryexecutionersword":5,"minecraft:arrow":78,"minecraft:diamond_chestplate":1,"soulslikeuniverse:steelguard_helmet":1,"minecraft:hay_block":20,"minecraft:totem_of_undying":3,"minecraft:saddle":2,"soulslikeuniverse:repairstone":17,"minecraft:mutton":10,"minecraft:white_wool":17,"soulslikeuniverse:steelguard_chestplate":2,"minecraft:leather":18,"minecraft:acacia_wood":1,"minecraft:lily_pad":1,"magistuarmory:chainmail_horse_armor":1,"minecraft:gunpowder":46,"minecraft:paper":1,"soulslikeuniverse:spellstone":8,"minecraft:white_banner":2,"soulslikeuniverse:thornedknight_boots":1,"soulslikeuniverse:giantsoul":2,"irons_spellbooks:common_ink":1,"soulslikeuniverse:godricksoldier_helmet":3,"minecraft:spruce_wood":4,"minecraft:iron_ingot":2,"philipsruins:broken_bone":6,"minecraft:glass_bottle":1,"minecraft:iron_sword":1,"minecraft:book":18,"wom:agony":1,"projectvibrantjourneys:light_brown_bark_mushroom":8,"soulslikeuniverse:legendary_moonlightsword":2,"epicfight:stone_greatsword":1,"minecraft:chiseled_stone_bricks":1,"minecraft:gravel":1,"minecraft:spruce_sapling":22,"minecraft:spruce_log":22,"minecraft:green_carpet":2,"minecraft:spider_eye":16,"soulslikeuniverse:godricksoldier_boots":1,"minecraft:stone_axe":3,"soulslikeuniverse:ashenknight_chestplate":1,"minecraft:iron_helmet":1,"minecraft:gray_wool":2,"soulslikeuniverse:knightsoul":13,"projectvibrantjourneys:orange_bark_mushroom":10,"minecraft:baked_potato":1,"projectvibrantjourneys:twigs":4,"minecraft:coal":6,"soulslikeuniverse:smilesticker":2,"projectvibrantjourneys:pinecones":1,"minecraft:ender_pearl":2},"minecraft:custom":{"minecraft:interact_with_crafting_table":25,"minecraft:open_barrel":63,"minecraft:leave_game":4,"minecraft:time_since_death":1792,"minecraft:damage_resisted":2095,"minecraft:sprint_one_cm":3476694,"minecraft:drop":170,"minecraft:play_noteblock":3,"minecraft:play_time":408000,"minecraft:deaths":89,"minecraft:jump":4421,"minecraft:walk_on_water_one_cm":98755,"minecraft:interact_with_furnace":9,"minecraft:traded_with_villager":13,"minecraft:sleep_in_bed":1,"minecraft:damage_dealt":112190,"minecraft:player_kills":18,"minecraft:crouch_one_cm":8667,"minecraft:mob_kills":454,"minecraft:interact_with_campfire":2,"minecraft:damage_dealt_resisted":66,"minecraft:climb_one_cm":10806,"minecraft:walk_one_cm":2618628,"minecraft:damage_dealt_absorbed":47497,"minecraft:sneak_time":1783,"minecraft:walk_under_water_one_cm":15239,"minecraft:interact_with_lectern":1,"minecraft:total_world_time":408000,"minecraft:tune_noteblock":4,"minecraft:time_since_rest":1929,"minecraft:damage_taken":27081,"minecraft:damage_absorbed":13,"minecraft:swim_one_cm":48362,"minecraft:fly_one_cm":2598421,"minecraft:open_chest":28,"minecraft:fall_one_cm":418730},"minecraft:killed_by":{"minecraft:evoker":1,"soulslikeuniverse:badomengiant":2,"minecraft:creeper":2,"soulslikeuniverse:fieldboss_mohg":26,"soulslikeuniverse:patches":2,"soulslikeuniverse:madknight":2,"soulslikeuniverse:darkspirit":2,"soulslikeuniverse:prisoncampknight":1,"soulslikeuniverse:fieldboss_countrobert":3,"minecraft:vindicator":5,"soulslikeuniverse:ghostsamurai":1,"soulslikeuniverse:havel":1,"minecraft:zombie":1,"soulslikeuniverse:twistedsouls":1,"soulslikeuniverse:fieldboss_elemer":3,"minecraft:illusioner":1,"minecraft:vex":2,"minecraft:player":7,"soulslikeuniverse:monstersuccessor":1,"soulslikeuniverse:monsterknight":1,"soulslikeuniverse:berserker":2,"soulslikeuniverse:fieldboss_crucibleknight":5,"soulslikeuniverse:monstergodricksoldier":5,"recruits:bowman":1,"irons_spellbooks:necromancer":1,"minecraft:skeleton":4,"soulslikeuniverse:monsterblasphemyknight":1,"soulslikeuniverse:templeguard":1},"minecraft:crafted":{"soulslikeuniverse:soldier_helmet":2,"minecraft:bow":1,"minecraft:melon_seeds":7,"sophisticatedbackpacks:backpack":1,"minecraft:emerald":24,"minecraft:cooked_porkchop":7,"minecraft:crafting_table":2,"minecraft:spruce_planks":44,"irons_spellbooks:furled_map":1,"minecraft:campfire":4,"minecraft:stick":24,"minecraft:gold_ingot":10,"wom:stone_staff":1,"minecraft:furnace":1,"minecraft:stone_pickaxe":1,"minecraft:wheat":163,"sophisticatedbackpacks:iron_backpack":1,"sophisticatedbackpacks:gold_backpack":1,"minecraft:stone_axe":1,"minecraft:bread":57,"minecraft:air":0,"minecraft:white_bed":1,"minecraft:clay":1},"minecraft:killed":{"soulslikeuniverse:hollowknight":1,"soulslikeuniverse:fieldboss_crucibleknight":1,"minecraft:cave_spider":2,"recruits:recruit_shieldman":1,"minecraft:zombified_piglin":1,"irons_spellbooks:pyromancer":1,"soulslikeuniverse:monstercrusader":1,"minecraft:spider":43,"soulslikeuniverse:monstersuccessor":1,"minecraft:skeleton":64,"soulslikeuniverse:siegmeyer":4,"minecraft:chicken":7,"soulslikeuniverse:hollowsoldiersword":11,"minecraft:illusioner":5,"irons_spellbooks:summoned_skeleton":3,"soulslikeuniverse:shadowassassin":3,"soulslikeuniverse:havel":1,"minecraft:pig":11,"soulslikeuniverse:prisoncampknight":3,"recruits:recruit":1,"soulslikeuniverse:twistedsouls":2,"irons_spellbooks:necromancer":3,"minecraft:creeper":35,"minecraft:sheep":6,"minecraft:pillager":7,"minecraft:zombie":115,"soulslikeuniverse:monstergodricksoldier":7,"minecraft:stray":2,"soulslikeuniverse:badomengiant":2,"soulslikeuniverse:monsterblasphemyknight":2,"minecraft:cow":3,"minecraft:evoker":2,"minecraft:vex":1,"irons_spellbooks:summoned_zombie":8,"minecraft:vindicator":16,"soulslikeuniverse:patches":1,"soulslikeuniverse:thief":6,"soulslikeuniverse:hollowsoldier":3,"soulslikeuniverse:darkspirit":7,"soulslikeuniverse:fieldboss_mohg":1,"soulslikeuniverse:monsterhollow":20,"soulslikeuniverse:fieldboss_elemer":4,"recruits:horseman":1,"soulslikeuniverse:castleguard":4,"soulslikeuniverse:madknight":3,"soulslikeuniverse:monsterknight":2,"minecraft:enderman":3}},"DataVersion":3465}