{"stats":{"minecraft:used":{"minecraft:porkchop":1,"minecraft:grass_block":4,"minecraft:oak_planks":77,"vs_eureka:white_balloon":2,"vs_eureka:oak_ship_helm":2,"create:adjustable_chain_gearshift":1},"minecraft:mined":{"minecraft:dark_oak_leaves":3},"minecraft:picked_up":{"minecraft:porkchop":4},"minecraft:custom":{"minecraft:time_since_rest":5707,"minecraft:crouch_one_cm":231,"minecraft:play_time":5707,"minecraft:sprint_one_cm":3276,"minecraft:damage_taken":40,"minecraft:walk_one_cm":9736,"minecraft:sneak_time":84,"minecraft:walk_under_water_one_cm":467,"minecraft:mob_kills":2,"minecraft:jump":12,"minecraft:damage_dealt":240,"minecraft:time_since_death":5707,"minecraft:walk_on_water_one_cm":21,"minecraft:total_world_time":5707,"minecraft:fall_one_cm":656,"minecraft:fly_one_cm":7096},"minecraft:killed":{"minecraft:pig":2}},"DataVersion":3465}