{"stats":{"minecraft:mined":{"minecraft:dark_oak_leaves":3},"minecraft:used":{"vs_eureka:engine":45,"minecraft:porkchop":1,"minecraft:grass_block":4,"createbigcannons:steel_screw_breech":1,"minecraft:oak_planks":178,"vs_eureka:white_balloon":78,"vs_eureka:oak_ship_helm":3,"createbigcannons:steel_quickfiring_breech":1,"create:adjustable_chain_gearshift":1,"createbigcannons:built_up_steel_cannon_barrel":5,"createbigcannons:cannon_mount":1},"minecraft:picked_up":{"minecraft:birch_planks":1,"minecraft:porkchop":4},"minecraft:custom":{"minecraft:time_since_rest":29707,"minecraft:crouch_one_cm":4000,"minecraft:play_time":29707,"minecraft:sprint_one_cm":5816,"minecraft:damage_taken":40,"minecraft:walk_one_cm":162508,"minecraft:sneak_time":603,"minecraft:walk_under_water_one_cm":1476,"minecraft:mob_kills":2,"minecraft:drop":1,"minecraft:jump":37,"minecraft:damage_dealt":250,"minecraft:time_since_death":29707,"minecraft:walk_on_water_one_cm":1067,"minecraft:total_world_time":29707,"minecraft:fall_one_cm":656,"minecraft:fly_one_cm":198740},"minecraft:killed":{"minecraft:pig":2},"minecraft:dropped":{"minecraft:birch_planks":1}},"DataVersion":3465}