{"stats":{"minecraft:mined":{"minecraft:dark_oak_leaves":3},"minecraft:used":{"createdeco:decal_no_entry":1,"create:netherite_diving_boots":1,"create:netherite_diving_helmet":1,"createdeco:green_brass_lamp":1,"createdeco:red_brass_lamp":1,"supplementaries:globe_sepia":2,"minecraft:grass_block":4,"createdeco:industrial_iron_door":1,"securitycraft:keypad_chest":1,"createdeco:black_placard":3,"securitycraft:reinforced_tinted_glass":8,"createbigcannons:steel_screw_breech":1,"minecraft:oak_planks":178,"create:train_door":1,"vs_eureka:white_balloon":78,"securitycraft:panic_button":1,"vs_eureka:oak_ship_helm":4,"createbigcannons:steel_quickfiring_breech":1,"create:adjustable_chain_gearshift":1,"createbigcannons:cannon_mount":1,"tfmg:yellow_caution_block":8,"minecraft:netherite_leggings":1,"vs_eureka:engine":45,"vs_clockwork:command_seat":4,"minecraft:porkchop":1,"create:industrial_iron_block":66,"create:netherite_backtank":1,"securitycraft:alarm":1,"createbigcannons:built_up_steel_cannon_barrel":5,"createdeco:red_placard":1},"minecraft:picked_up":{"minecraft:porkchop":4,"minecraft:birch_planks":1,"minecraft:netherite_leggings":1,"minecraft:iron_axe":4,"minecraft:tnt":1,"minecraft:netherite_helmet":1,"minecraft:netherite_chestplate":1,"minecraft:coal":457},"minecraft:custom":{"minecraft:time_since_rest":58182,"minecraft:sprint_one_cm":6552,"minecraft:damage_taken":40,"minecraft:walk_one_cm":187167,"minecraft:mob_kills":2,"minecraft:damage_dealt":252,"minecraft:drop":5,"minecraft:swim_one_cm":2015,"minecraft:talked_to_villager":1,"minecraft:fly_one_cm":730047,"minecraft:open_chest":2,"minecraft:crouch_one_cm":5898,"minecraft:play_time":58182,"minecraft:sneak_time":1188,"minecraft:walk_under_water_one_cm":7146,"minecraft:jump":90,"minecraft:walk_on_water_one_cm":2696,"minecraft:time_since_death":58182,"minecraft:total_world_time":58182,"minecraft:fall_one_cm":656},"minecraft:killed":{"minecraft:pig":2},"minecraft:dropped":{"create:netherite_diving_helmet":1,"minecraft:birch_planks":1,"create:netherite_diving_boots":1,"create:netherite_backtank":1,"minecraft:netherite_leggings":1}},"DataVersion":3465}