{"stats":{"minecraft:custom":{"minecraft:interact_with_anvil":3,"minecraft:mob_kills":103,"minecraft:interact_with_crafting_table":43,"minecraft:leave_game":9,"minecraft:time_since_death":41719,"minecraft:sprint_one_cm":463424,"minecraft:walk_one_cm":594594,"minecraft:damage_blocked_by_shield":1465,"minecraft:drop":233,"minecraft:play_time":389852,"minecraft:sneak_time":5862,"minecraft:deaths":23,"minecraft:walk_under_water_one_cm":49487,"minecraft:jump":3149,"minecraft:walk_on_water_one_cm":78749,"minecraft:total_world_time":389852,"minecraft:interact_with_furnace":63,"minecraft:sleep_in_bed":9,"minecraft:time_since_rest":41751,"minecraft:open_enderchest":5,"minecraft:damage_taken":8451,"minecraft:damage_dealt":22666,"minecraft:player_kills":11,"minecraft:swim_one_cm":100262,"minecraft:fly_one_cm":633831,"minecraft:open_chest":83,"minecraft:crouch_one_cm":12635,"minecraft:fall_one_cm":107965},"minecraft:crafted":{"minecraft:oak_planks":28,"create:wrench":1,"minecraft:iron_nugget":99,"minecraft:furnace":3,"create:mechanical_press":1,"minecraft:iron_axe":2,"minecraft:stone_pickaxe":5,"minecraft:chest":2,"create:cogwheel":1,"minecraft:cooked_beef":7,"create:depot":1,"create:andesite_alloy":45,"create:hand_crank":2,"minecraft:cooked_porkchop":23,"minecraft:crafting_table":1,"create:mechanical_saw":1,"minecraft:spruce_planks":20,"minecraft:wooden_pickaxe":1,"minecraft:birch_planks":4,"minecraft:stone_axe":1,"minecraft:air":0,"minecraft:paper":3,"minecraft:stick":28,"minecraft:iron_ingot":128,"minecraft:iron_pickaxe":2,"create:clipboard":1,"minecraft:iron_block":1,"minecraft:gold_ingot":5,"minecraft:iron_shovel":1,"minecraft:white_bed":1,"minecraft:andesite":156,"create:shaft":8,"minecraft:torch":12},"minecraft:mined":{"minecraft:tuff":2,"minecraft:white_bed":2,"minecraft:deepslate_diamond_ore":1,"create:andesite_casing":2,"minecraft:allium":1,"minecraft:grass_block":29,"minecraft:spruce_leaves":2,"farmersdelight:wild_onions":6,"minecraft:furnace":10,"minecraft:iron_ore":79,"minecraft:fire":15,"minecraft:andesite":8,"minecraft:stripped_spruce_log":1,"minecraft:deepslate_lapis_ore":8,"minecraft:deepslate_iron_ore":2,"minecraft:stone":196,"create:mechanical_press":1,"minecraft:white_wool":1,"tfmg:deepslate_lead_ore":2,"minecraft:crafting_table":13,"minecraft:chest":1,"tfmg:lead_ore":10,"minecraft:tall_grass":7,"minecraft:copper_ore":11,"minecraft:cobblestone":7,"minecraft:lapis_ore":8,"minecraft:deepslate_gold_ore":5,"minecraft:sugar_cane":2,"minecraft:diorite":97,"minecraft:skeleton_skull":1,"supplementaries:urn":8,"tfmg:galena":1,"minecraft:birch_log":6,"minecraft:spruce_log":8,"minecraft:bee_nest":2,"minecraft:grass":88,"minecraft:oak_log":19,"minecraft:coal_ore":48,"tfmg:deepslate_nickel_ore":3,"minecraft:sunflower":10,"minecraft:gravel":23,"minecraft:dirt":21,"minecraft:smooth_basalt":1,"tfmg:deepslate_lithium_ore":10,"minecraft:oak_leaves":27,"minecraft:deepslate":10},"minecraft:broken":{"minecraft:stone_pickaxe":3,"minecraft:iron_axe":1,"minecraft:leather_boots":1,"minecraft:stone_axe":1},"minecraft:used":{"create:clipboard":3,"supplementaries:cog_block":2,"minecraft:netherite_sword":37,"minecraft:redstone":4,"valkyrienskies:test_hinge":1,"minecraft:chest":3,"minecraft:shield":64,"minecraft:ender_chest":3,"minecraft:stone":2,"minecraft:rotten_flesh":4,"create:analog_lever":1,"minecraft:iron_chestplate":1,"minecraft:torch":6,"minecraft:stick":1,"minecraft:dirt":63,"minecraft:mutton":6,"minecraft:anvil":3,"trackwork:track_level_controller":4,"minecraft:white_carpet":10,"trackwork:phys_track":5,"vs_eureka:pink_balloon":5,"create:depot":1,"minecraft:tuff":1,"trackwork:large_suspension_track":36,"minecraft:stripped_spruce_log":1,"create:wrench":2,"minecraft:iron_axe":155,"minecraft:grass_block":30,"minecraft:iron_helmet":1,"vs_eureka:oak_ship_helm":5,"vs_clockwork:redstone_resistor":2,"minecraft:beef":6,"create:shaft":11,"vs_eureka:dark_oak_ship_helm":3,"securitycraft:dirt_mine":9,"minecraft:furnace":13,"create:industrial_iron_block":147,"minecraft:skeleton_skull":2,"minecraft:egg":1,"minecraft:cooked_beef":5,"minecraft:cobbled_deepslate":49,"minecraft:diorite":22,"minecraft:birch_planks":1,"minecraft:oak_planks":26,"minecraft:stone_pickaxe":504,"trackwork:med_suspension_track":33,"tfmg:large_aluminum_cogwheel":4,"minecraft:iron_golem_spawn_egg":3,"minecraft:wooden_pickaxe":20,"supplementaries:sconce_lever":6,"tfmg:lithium_torch":1,"minecraft:white_wool":3,"minecraft:crafting_table":12,"minecraft:white_bed":6,"railways:red_conductor_cap":1,"minecraft:spruce_log":3,"minecraft:redstone_torch":3,"create:mechanical_press":2,"minecraft:chicken":1,"minecraft:iron_pickaxe":17,"minecraft:gravel":6,"minecraft:stone_axe":76,"vs_eureka:balloon":12,"minecraft:cobblestone":70,"minecraft:cooked_porkchop":14,"trackwork:large_phys_track":12,"minecraft:andesite":36,"minecraft:birch_log":1,"create:hand_crank":22,"create:vertical_gearbox":3,"trackwork:med_phys_track":15},"minecraft:killed":{"minecraft:spider":3,"minecraft:skeleton":14,"minecraft:horse":6,"minecraft:bee":1,"minecraft:chicken":8,"minecraft:pig":10,"minecraft:iron_golem":3,"minecraft:creeper":8,"minecraft:sheep":8,"minecraft:zombie":33,"minecraft:enderman":1,"minecraft:cow":8},"minecraft:picked_up":{"minecraft:crafting_table":14,"minecraft:iron_chestplate":1,"minecraft:coarse_dirt":2,"minecraft:allium":12,"minecraft:chicken":8,"minecraft:wooden_pickaxe":2,"farmersdelight:mutton_wrap":1,"minecraft:shield":1,"tfmg:raw_nickel":3,"minecraft:string":2,"minecraft:raw_copper":39,"minecraft:white_carpet":2,"create:mechanical_press":1,"minecraft:gold_nugget":30,"minecraft:cobbled_deepslate":18,"minecraft:beef":13,"minecraft:poppy":1,"minecraft:light_gray_wool":1,"minecraft:sugar_cane":5,"minecraft:chest":1,"minecraft:furnace":10,"minecraft:egg":1,"minecraft:stick":5,"minecraft:raw_iron":82,"minecraft:torch":17,"create:andesite_casing":2,"minecraft:porkchop":23,"create:hand_crank":5,"minecraft:diorite":100,"minecraft:arrow":16,"minecraft:rotten_flesh":27,"farmersdelight:onion":6,"minecraft:hay_block":18,"createbigcannons:cannon_carriage":2,"supplementaries:ash":16,"minecraft:mutton":11,"minecraft:snowball":28,"minecraft:skeleton_skull":3,"minecraft:white_wool":7,"minecraft:cobblestone":203,"minecraft:birch_log":6,"minecraft:feather":7,"tfmg:raw_lithium":20,"minecraft:andesite":16,"minecraft:leather":15,"minecraft:flint":6,"minecraft:tuff":2,"minecraft:oak_log":19,"supplementaries:flax_seeds":2,"minecraft:gunpowder":3,"minecraft:lapis_lazuli":104,"tfmg:raw_lead":12,"minecraft:dirt":80,"minecraft:bone":24,"minecraft:kelp":2,"minecraft:wheat_seeds":25,"minecraft:raw_gold":5,"minecraft:iron_ingot":9,"tfmg:galena":1,"minecraft:glass_bottle":2,"minecraft:smooth_basalt":1,"tfmg:lignite":1,"minecraft:gravel":20,"minecraft:stripped_spruce_log":1,"minecraft:grass_block":2,"minecraft:white_bed":5,"minecraft:spruce_log":8,"minecraft:spider_eye":2,"minecraft:diamond":1,"minecraft:iron_helmet":1,"minecraft:light_gray_carpet":1,"minecraft:black_wool":1,"minecraft:coal":49,"minecraft:sunflower":25,"minecraft:ender_pearl":3},"minecraft:killed_by":{"minecraft:player":11,"minecraft:zombie":2},"minecraft:dropped":{"minecraft:wheat_seeds":23,"minecraft:glass_bottle":2,"tfmg:galena":1,"minecraft:feather":7,"minecraft:leather":2,"minecraft:apple":4,"farmersdelight:mutton_wrap":2,"minecraft:grass_block":3,"minecraft:coal":1,"minecraft:stick":1,"minecraft:flint":6,"minecraft:dirt":17,"tfmg:lignite":1,"minecraft:snowball":16,"railways:red_conductor_cap":1,"minecraft:sunflower":25,"minecraft:string":1,"minecraft:redstone":3,"minecraft:smooth_basalt":1,"minecraft:bone":2,"minecraft:gravel":14,"minecraft:kelp":2,"createbigcannons:cannon_carriage":2,"minecraft:coarse_dirt":2,"minecraft:cobbled_deepslate":8,"minecraft:tuff":1,"minecraft:white_carpet":1,"minecraft:light_gray_wool":1,"tfmg:raw_lithium":20,"minecraft:poppy":1,"supplementaries:flax_seeds":2,"minecraft:potato":6,"minecraft:hay_block":66,"minecraft:stone":1,"minecraft:gunpowder":1,"minecraft:allium":12,"minecraft:skeleton_skull":1,"tfmg:raw_lead":2,"minecraft:oak_sapling":2,"create:hand_crank":1,"minecraft:spider_eye":2,"minecraft:arrow":6,"minecraft:wooden_pickaxe":3}},"DataVersion":3465}