{"stats":{"minecraft:crafted":{"minecraft:oak_planks":20,"soulslikeuniverse:soldier_helmet":4,"minecraft:bow":1,"minecraft:melon_seeds":7,"minecraft:chest":1,"soulslikeuniverse:soldier_chestplate":1,"minecraft:emerald":24,"sophisticatedbackpacks:backpack":2,"soulslikeuniverse:godricksoldier_chestplate":2,"minecraft:cooked_porkchop":7,"minecraft:crafting_table":2,"minecraft:spruce_planks":56,"irons_spellbooks:furled_map":1,"minecraft:campfire":4,"soulslikeuniverse:steelguard_chestplate":1,"minecraft:stick":24,"minecraft:gold_ingot":10,"soulslikeuniverse:ironroundshield":1,"soulslikeuniverse:longsword":7,"soulslikeuniverse:thornedknight_chestplate":1,"wom:stone_staff":1,"soulslikeuniverse:soldier_boots":1,"minecraft:furnace":1,"soulslikeuniverse:rustysteelshield":1,"minecraft:stone_pickaxe":1,"minecraft:wheat":163,"sophisticatedbackpacks:iron_backpack":2,"sophisticatedbackpacks:gold_backpack":1,"minecraft:stone_axe":1,"minecraft:bread":57,"minecraft:air":0,"soulslikeuniverse:godricksoldier_leggings":2,"minecraft:white_bed":1,"soulslikeuniverse:spiralsword":1,"minecraft:clay":1},"minecraft:killed_by":{"soulslikeuniverse:hollowsoldiersword":1,"minecraft:evoker":1,"soulslikeuniverse:badomengiant":2,"minecraft:creeper":2,"soulslikeuniverse:fieldboss_mohg":30,"soulslikeuniverse:patches":2,"soulslikeuniverse:madknight":2,"soulslikeuniverse:darkspirit":2,"soulslikeuniverse:prisoncampknight":1,"soulslikeuniverse:fieldboss_countrobert":3,"minecraft:vindicator":5,"soulslikeuniverse:ghostsamurai":1,"soulslikeuniverse:havel":1,"minecraft:zombie":1,"soulslikeuniverse:twistedsouls":1,"soulslikeuniverse:fieldboss_elemer":3,"minecraft:illusioner":1,"minecraft:vex":2,"minecraft:player":10,"soulslikeuniverse:monstersuccessor":1,"soulslikeuniverse:monsterknight":1,"soulslikeuniverse:berserker":2,"soulslikeuniverse:fieldboss_crucibleknight":5,"soulslikeuniverse:monstergodricksoldier":5,"recruits:bowman":1,"irons_spellbooks:necromancer":3,"minecraft:skeleton":4,"soulslikeuniverse:monsterblasphemyknight":1,"soulslikeuniverse:templeguard":1},"minecraft:used":{"minecraft:player_head":1,"minecraft:rotten_flesh":161,"minecraft:mutton":8,"soulslikeuniverse:legendary_moonlightsword":46,"soulslikeuniverse:legendarycruciblesword":179,"soulslikeuniverse:soldier_leggings":1,"soulslikeuniverse:estusflask":146,"minecraft:stone_brick_stairs":1,"minecraft:bow":9,"minecraft:hay_block":1,"minecraft:furnace":1,"minecraft:egg":2,"minecraft:potato":2,"epicfight:skillbook":36,"minecraft:damaged_anvil":5,"minecraft:stone_pickaxe":30,"minecraft:oak_planks":6,"minecraft:clay":1,"minecraft:white_wool":12,"soulslikeuniverse:executionersword":7,"projectvibrantjourneys:pinecones":1,"minecraft:bread":86,"minecraft:gravel":1,"minecraft:diamond_sword":4,"soulslikeuniverse:dagger":120,"minecraft:flint_and_steel":1,"minecraft:spruce_planks":24,"minecraft:oak_door":1,"minecraft:dirt":11,"projectvibrantjourneys:bark_mushroom":1,"wom:stone_staff":97,"soulslikeuniverse:legendarybloodtrident":973,"soulslikeuniverse:legendarymace":1611,"projectvibrantjourneys:red_sandstone_rocks":2,"minecraft:barrel":3,"minecraft:beef":8,"minecraft:acacia_wood":1,"minecraft:cooked_beef":2,"minecraft:pumpkin":2,"minecraft:polished_andesite":2,"minecraft:baked_potato":1,"minecraft:fletching_table":1,"minecraft:leather_boots":1,"minecraft:crafting_table":10,"minecraft:white_bed":1,"minecraft:campfire":1,"minecraft:spruce_log":1,"epicfight:stone_spear":1,"soulslikeuniverse:longinusspear":8,"minecraft:chicken":3,"minecraft:spruce_sapling":4,"soulslikeuniverse:round_helmet":1,"minecraft:stone_axe":27,"minecraft:cobblestone":10,"minecraft:porkchop":9,"minecraft:cooked_porkchop":9},"minecraft:custom":{"minecraft:interact_with_crafting_table":28,"minecraft:open_barrel":64,"minecraft:eat_cake_slice":2,"minecraft:leave_game":7,"minecraft:time_since_death":16806,"minecraft:damage_resisted":2095,"minecraft:sprint_one_cm":4302860,"minecraft:drop":253,"minecraft:play_noteblock":3,"minecraft:play_time":531463,"minecraft:deaths":99,"minecraft:jump":5696,"minecraft:walk_on_water_one_cm":103811,"minecraft:interact_with_furnace":9,"minecraft:traded_with_villager":13,"minecraft:sleep_in_bed":1,"minecraft:damage_dealt":185427,"minecraft:player_kills":19,"minecraft:crouch_one_cm":8667,"minecraft:interact_with_anvil":6,"minecraft:mob_kills":766,"minecraft:interact_with_campfire":2,"minecraft:damage_dealt_resisted":66,"minecraft:climb_one_cm":11206,"minecraft:walk_one_cm":3309308,"minecraft:damage_dealt_absorbed":87623,"minecraft:sneak_time":1802,"minecraft:walk_under_water_one_cm":16230,"minecraft:interact_with_lectern":1,"minecraft:total_world_time":531463,"minecraft:tune_noteblock":4,"minecraft:time_since_rest":16941,"minecraft:damage_absorbed":4440,"minecraft:damage_taken":31683,"minecraft:swim_one_cm":48362,"minecraft:fly_one_cm":3160582,"minecraft:open_chest":29,"minecraft:fall_one_cm":482719},"minecraft:mined":{"minecraft:spruce_planks":3,"minecraft:grass_block":3,"minecraft:chiseled_stone_bricks":1,"minecraft:barrel":3,"minecraft:fire":2,"minecraft:fletching_table":1,"minecraft:flowering_azalea_leaves":2,"minecraft:water_cauldron":3,"minecraft:iron_bars":2,"minecraft:spruce_wood":4,"minecraft:player_head":1,"minecraft:clay":1,"minecraft:note_block":2,"minecraft:melon":12,"projectvibrantjourneys:fallen_leaves":1,"minecraft:damaged_anvil":6,"minecraft:jukebox":2,"minecraft:oak_log":2,"projectvibrantjourneys:short_grass":7,"minecraft:dirt":1,"minecraft:dark_oak_leaves":1,"minecraft:candle":11,"minecraft:glow_lichen":2,"minecraft:spruce_leaves":9,"minecraft:large_fern":1,"minecraft:hay_block":24,"minecraft:bookshelf":6,"minecraft:lantern":1,"minecraft:stone":11,"minecraft:white_wool":11,"minecraft:crafting_table":11,"minecraft:campfire":1,"minecraft:tall_grass":1,"projectvibrantjourneys:red_sandstone_rocks":1,"minecraft:spruce_log":24,"minecraft:gravel":1,"minecraft:mossy_stone_bricks":1,"minecraft:fern":1},"minecraft:broken":{"minecraft:iron_boots":1,"soulslikeuniverse:kingdomknight_boots":1,"soulslikeuniverse:soldier_helmet":1,"soulslikeuniverse:ashenknight_chestplate":1,"minecraft:golden_leggings":1,"soulslikeuniverse:godrickknight_boots":1,"soulslikeuniverse:steelguard_helmet":1,"epicfight:stone_spear":1,"soulslikeuniverse:kingdomknight_chestplate":1,"minecraft:diamond_chestplate":1,"soulslikeuniverse:round_helmet":1,"soulslikeuniverse:soldier_leggings":1,"minecraft:leather_boots":1,"minecraft:iron_helmet":1,"soulslikeuniverse:steelguard_leggings":1},"minecraft:picked_up":{"minecraft:wooden_axe":2,"irons_spellbooks:scroll":9,"minecraft:wheat":10,"minecraft:flower_pot":1,"soulslikeuniverse:blasphemyfragment":5,"wom:stone_staff":2,"minecraft:stone_brick_stairs":1,"minecraft:brewing_stand":1,"projectvibrantjourneys:mossy_rocks":3,"soulslikeuniverse:thornedknight_leggings":1,"minecraft:music_disc_cat":1,"minecraft:string":95,"projectvibrantjourneys:red_sandstone_rocks":2,"soulslikeuniverse:longinusspear":1,"irons_spellbooks:arcane_essence":19,"soulslikeuniverse:hollowsoul":84,"minecraft:gold_nugget":1,"minecraft:spruce_planks":7,"minecraft:rose_bush":1,"soulslikeuniverse:godrickknight_boots":1,"soulslikeuniverse:legendarybloodtrident":6,"minecraft:melon_slice":56,"minecraft:iron_boots":1,"minecraft:tipped_arrow":2,"minecraft:stick":9,"minecraft:jukebox":2,"soulslikeuniverse:spawnmagicwhitephantom":12,"soulslikeuniverse:crusader_boots":1,"minecraft:torch":3,"epicfight:skillbook":25,"minecraft:porkchop":31,"soulslikeuniverse:godricksoldier_leggings":3,"irons_spellbooks:fire_rune":1,"soulslikeuniverse:greedsword":1,"soulslikeuniverse:crucibleknight_leggings":1,"minecraft:cauldron":3,"minecraft:stone_sword":1,"soulslikeuniverse:assassin_chestplate":1,"wom:tormented_mind":1,"minecraft:rotten_flesh":305,"soulslikeuniverse:estusflask":165,"minecraft:cyan_terracotta":4,"projectvibrantjourneys:cattail":3,"minecraft:iron_bars":6,"minecraft:cobblestone":27,"epicfight:stone_spear":3,"minecraft:feather":11,"minecraft:cooked_beef":2,"soulslikeuniverse:godricksoldier_chestplate":4,"minecraft:andesite":8,"soulslikeuniverse:siegmeyershield":3,"minecraft:golden_leggings":1,"minecraft:potato":2,"minecraft:flint":9,"soulslikeuniverse:godrickknight_helmet":1,"projectvibrantjourneys:rocks":2,"minecraft:dirt":110,"minecraft:lantern":1,"soulslikeuniverse:legendarymace":2,"soulslikeuniverse:spiralsword":2,"soulslikeuniverse:executionersword":1,"minecraft:leather_boots":4,"minecraft:bone":126,"minecraft:bow":8,"minecraft:wheat_seeds":11,"soulslikeuniverse:kingdomknight_boots":1,"soulslikeuniverse:briar_boots":1,"minecraft:mossy_stone_bricks":1,"minecraft:fletching_table":1,"minecraft:oak_planks":14,"irons_spellbooks:frozen_bone":1,"minecraft:cooked_porkchop":2,"soulslikeuniverse:soldier_helmet":6,"irons_spellbooks:legendary_ink":1,"soulslikeuniverse:soldier_leggings":2,"soulslikeuniverse:briar_leggings":2,"soulslikeuniverse:legendarycruciblesword":8,"soulslikeuniverse:crucibleknight_boots":1,"minecraft:grass_block":1,"minecraft:dark_oak_log":2,"minecraft:barrel":3,"minecraft:polished_andesite":6,"soulslikeuniverse:thornedshield":1,"soulslikeuniverse:soldier_chestplate":4,"soulslikeuniverse:dagger":2,"minecraft:emerald":12,"minecraft:bread":12,"irons_spellbooks:uncommon_ink":1,"soulslikeuniverse:longsword":9,"minecraft:charcoal":2,"minecraft:crafting_table":10,"minecraft:purple_wool":4,"minecraft:chicken":7,"minecraft:clay_ball":8,"irons_spellbooks:tarnished_helmet":1,"minecraft:brown_mushroom":1,"soulslikeuniverse:steelguard_boots":1,"soulslikeuniverse:briar_helmet":1,"minecraft:moss_carpet":3,"minecraft:iron_axe":5,"soulslikeuniverse:bloodlord_leggings":1,"minecraft:candle":38,"minecraft:beef":13,"soulslikeuniverse:round_helmet":1,"minecraft:player_head":5,"minecraft:iron_nugget":2,"minecraft:poppy":1,"minecraft:chest":1,"soulslikeuniverse:lunatic_chestplate":2,"minecraft:spruce_trapdoor":2,"minecraft:phantom_membrane":4,"minecraft:egg":12,"minecraft:oak_door":3,"projectvibrantjourneys:bark_mushroom":7,"minecraft:note_block":2,"soulslikeuniverse:soldier_boots":2,"minecraft:carrot":1,"minecraft:dark_oak_planks":12,"soulslikeuniverse:legendaryexecutionersword":8,"minecraft:arrow":150,"minecraft:diamond_chestplate":1,"soulslikeuniverse:steelguard_helmet":1,"minecraft:hay_block":20,"soulslikeuniverse:bloodlord_boots":1,"minecraft:saddle":2,"minecraft:totem_of_undying":3,"soulslikeuniverse:repairstone":33,"minecraft:mutton":15,"minecraft:white_wool":18,"soulslikeuniverse:rustysteelshield":4,"soulslikeuniverse:steelguard_chestplate":2,"minecraft:leather":42,"minecraft:acacia_wood":1,"minecraft:oak_log":3,"minecraft:lily_pad":1,"magistuarmory:chainmail_horse_armor":1,"minecraft:gunpowder":74,"minecraft:paper":1,"soulslikeuniverse:spellstone":26,"minecraft:white_banner":2,"soulslikeuniverse:thornedknight_boots":1,"soulslikeuniverse:giantsoul":7,"irons_spellbooks:common_ink":1,"soulslikeuniverse:godricksoldier_helmet":5,"minecraft:spruce_wood":4,"minecraft:iron_ingot":2,"soulslikeuniverse:kingdomknight_chestplate":2,"philipsruins:broken_bone":6,"minecraft:glass_bottle":1,"minecraft:iron_sword":1,"minecraft:book":18,"wom:agony":1,"projectvibrantjourneys:light_brown_bark_mushroom":11,"soulslikeuniverse:blasphemyknight_helmet":1,"soulslikeuniverse:legendary_moonlightsword":4,"epicfight:stone_greatsword":1,"minecraft:chiseled_stone_bricks":1,"minecraft:gravel":1,"soulslikeuniverse:thornedknight_chestplate":2,"minecraft:spruce_sapling":25,"minecraft:spruce_log":30,"minecraft:green_carpet":2,"minecraft:spider_eye":32,"soulslikeuniverse:godricksoldier_boots":3,"minecraft:stone_axe":3,"soulslikeuniverse:godrickknight_leggings":1,"soulslikeuniverse:ashenknight_chestplate":1,"minecraft:iron_helmet":1,"minecraft:gray_wool":2,"soulslikeuniverse:knightsoul":38,"minecraft:baked_potato":1,"projectvibrantjourneys:orange_bark_mushroom":13,"projectvibrantjourneys:twigs":4,"minecraft:damaged_anvil":6,"soulslikeuniverse:ironroundshield":2,"soulslikeuniverse:steelguard_leggings":1,"minecraft:coal":6,"projectvibrantjourneys:pinecones":1,"soulslikeuniverse:smilesticker":2,"minecraft:ender_pearl":3},"minecraft:dropped":{"minecraft:candle":1,"minecraft:oak_log":1,"minecraft:glass_bottle":1,"soulslikeuniverse:legendarybloodtrident":1,"minecraft:leather":1,"soulslikeuniverse:longinusspear":1,"projectvibrantjourneys:orange_bark_mushroom":13,"soulslikeuniverse:briar_leggings":2,"minecraft:flint":9,"minecraft:cyan_terracotta":2,"soulslikeuniverse:lunatic_chestplate":1,"minecraft:dirt":118,"soulslikeuniverse:assassin_chestplate":1,"minecraft:dark_oak_log":2,"irons_spellbooks:arcane_essence":1,"minecraft:gold_nugget":1,"projectvibrantjourneys:mossy_rocks":2,"minecraft:purple_wool":2,"wom:tormented_mind":1,"minecraft:dark_oak_planks":24,"minecraft:white_wool":2,"projectvibrantjourneys:bark_mushroom":7,"minecraft:bone":23,"minecraft:oak_door":2,"soulslikeuniverse:godricksoldier_boots":2,"wom:agony":1,"soulslikeuniverse:knightsoul":1,"minecraft:stone_axe":2,"soulslikeuniverse:godrickknight_leggings":1,"irons_spellbooks:fire_rune":1,"minecraft:iron_nugget":3,"projectvibrantjourneys:twigs":2,"minecraft:wheat":2,"soulslikeuniverse:soldier_chestplate":2,"minecraft:rotten_flesh":80,"minecraft:oak_planks":28,"soulslikeuniverse:godricksoldier_helmet":4,"soulslikeuniverse:spellstone":1,"minecraft:chiseled_stone_bricks":1,"minecraft:poppy":1,"projectvibrantjourneys:light_brown_bark_mushroom":11,"minecraft:tipped_arrow":2,"minecraft:gunpowder":14,"minecraft:leather_boots":3,"soulslikeuniverse:thornedknight_leggings":1,"soulslikeuniverse:rustysteelshield":4,"minecraft:iron_bars":6,"minecraft:arrow":14,"projectvibrantjourneys:cattail":3,"minecraft:egg":10,"minecraft:bread":12,"soulslikeuniverse:thornedknight_boots":1,"minecraft:wheat_seeds":10,"soulslikeuniverse:crusader_boots":1,"minecraft:feather":6,"minecraft:cobblestone":1,"epicfight:stone_spear":2,"soulslikeuniverse:legendaryexecutionersword":1,"minecraft:grass_block":2,"minecraft:coal":6,"soulslikeuniverse:executionersword":1,"minecraft:stick":10,"projectvibrantjourneys:rocks":2,"minecraft:polished_andesite":4,"irons_spellbooks:scroll":1,"minecraft:gray_wool":2,"minecraft:torch":2,"minecraft:wooden_axe":2,"soulslikeuniverse:soldier_leggings":1,"minecraft:rose_bush":1,"soulslikeuniverse:steelguard_boots":1,"minecraft:green_carpet":2,"epicfight:stone_greatsword":1,"soulslikeuniverse:soldier_boots":1,"minecraft:iron_axe":4,"minecraft:white_banner":1,"minecraft:paper":1,"minecraft:string":3,"minecraft:lily_pad":1,"minecraft:spruce_sapling":18,"minecraft:moss_carpet":3,"soulslikeuniverse:soldier_helmet":1,"minecraft:player_head":3,"minecraft:stone_sword":1,"soulslikeuniverse:dagger":3,"minecraft:chicken":4,"soulslikeuniverse:siegmeyershield":3,"minecraft:clay_ball":4,"soulslikeuniverse:legendarymace":1,"philipsruins:broken_bone":6,"wom:stone_staff":3,"magistuarmory:chainmail_horse_armor":3,"minecraft:flower_pot":1,"soulslikeuniverse:kingdomknight_chestplate":2,"minecraft:spruce_planks":8,"minecraft:andesite":8,"minecraft:mossy_stone_bricks":1,"minecraft:spider_eye":3,"minecraft:spruce_log":3,"minecraft:diamond_boots":1,"soulslikeuniverse:legendarycruciblesword":1,"minecraft:bow":4,"epicfight:skillbook":4},"minecraft:killed":{"soulslikeuniverse:hollowknight":3,"soulslikeuniverse:fieldboss_crucibleknight":8,"minecraft:cave_spider":2,"recruits:recruit_shieldman":1,"minecraft:zombified_piglin":1,"irons_spellbooks:pyromancer":1,"soulslikeuniverse:monstercrusader":2,"minecraft:spider":67,"soulslikeuniverse:monstersuccessor":2,"soulslikeuniverse:eliteknight":2,"minecraft:skeleton":94,"soulslikeuniverse:siegmeyer":5,"minecraft:chicken":8,"soulslikeuniverse:hollowsoldiersword":25,"minecraft:illusioner":5,"irons_spellbooks:summoned_skeleton":5,"soulslikeuniverse:shadowassassin":4,"soulslikeuniverse:havel":3,"minecraft:pig":14,"minecraft:zombie_villager":2,"soulslikeuniverse:prisoncampknight":3,"recruits:recruit":1,"soulslikeuniverse:twistedsouls":3,"irons_spellbooks:necromancer":6,"minecraft:creeper":47,"minecraft:sheep":8,"soulslikeuniverse:monstertowerknight":1,"minecraft:pillager":7,"soulslikeuniverse:monstergodrickknight":8,"minecraft:zombie":174,"soulslikeuniverse:monstergodricksoldier":25,"minecraft:stray":2,"soulslikeuniverse:badomengiant":7,"soulslikeuniverse:monsterblasphemyknight":5,"minecraft:cow":6,"minecraft:evoker":2,"minecraft:vex":1,"irons_spellbooks:summoned_zombie":14,"minecraft:vindicator":16,"minecraft:horse":1,"soulslikeuniverse:patches":1,"soulslikeuniverse:thief":11,"soulslikeuniverse:hollowsoldier":8,"soulslikeuniverse:darkspirit":12,"soulslikeuniverse:fieldboss_mohg":8,"soulslikeuniverse:monsterhollow":37,"soulslikeuniverse:fieldboss_elemer":7,"recruits:horseman":1,"soulslikeuniverse:fieldboss_countrobert":1,"soulslikeuniverse:solaire":1,"soulslikeuniverse:ghostsamurai":1,"soulslikeuniverse:madknight":4,"soulslikeuniverse:castleguard":8,"soulslikeuniverse:monsterknight":10,"soulslikeuniverse:armedhollow":4,"minecraft:enderman":4}},"DataVersion":3465}