{"stats":{"minecraft:used":{"minecraft:iron_shovel":55,"minecraft:chest":4,"minecraft:shield":147,"minecraft:stone":2,"minecraft:nether_wart":18,"minecraft:rotten_flesh":32,"create:analog_lever":1,"minecraft:iron_chestplate":1,"minecraft:soul_sand":18,"minecraft:mutton":6,"securitycraft:keypad_item":1,"vs_eureka:pink_balloon":5,"minecraft:nether_bricks":27,"create:depot":3,"minecraft:tuff":12,"trackwork:large_suspension_track":36,"minecraft:stripped_spruce_log":1,"minecraft:lava_bucket":1,"minecraft:grass_block":30,"minecraft:birch_sapling":39,"minecraft:iron_helmet":1,"vs_eureka:oak_ship_helm":5,"minecraft:bow":6,"create:shaft":11,"minecraft:oak_sapling":144,"minecraft:furnace":13,"create:industrial_iron_block":147,"minecraft:skeleton_skull":2,"minecraft:egg":1,"minecraft:potato":1,"minecraft:diorite":24,"minecraft:stone_pickaxe":1103,"minecraft:oak_planks":26,"minecraft:wooden_pickaxe":20,"create:mechanical_saw":62,"minecraft:white_wool":3,"minecraft:glow_berries":5,"minecraft:sand":2,"railways:red_conductor_cap":2,"minecraft:redstone_torch":3,"minecraft:iron_door":1,"minecraft:gravel":19,"minecraft:nether_wart_block":3,"minecraft:andesite":48,"trackwork:large_phys_track":12,"minecraft:birch_log":8,"create:vertical_gearbox":3,"securitycraft:whitelist_module":4,"create:clipboard":6,"supplementaries:cog_block":2,"minecraft:netherite_sword":37,"sophisticatedbackpacks:iron_backpack":3,"minecraft:iron_bars":12,"minecraft:stone_sword":66,"minecraft:flint_and_steel":24,"minecraft:redstone":4,"valkyrienskies:test_hinge":1,"minecraft:ender_chest":3,"minecraft:cooked_chicken":5,"minecraft:netherrack":1,"minecraft:stick":1,"minecraft:torch":16,"minecraft:dirt":65,"minecraft:anvil":3,"trackwork:track_level_controller":4,"minecraft:white_carpet":10,"trackwork:phys_track":5,"minecraft:granite":4,"minecraft:nether_brick_stairs":1,"create:wrench":253,"minecraft:iron_axe":396,"securitycraft:universal_block_modifier":4,"minecraft:smooth_basalt":1,"minecraft:gunpowder":87,"vs_clockwork:redstone_resistor":2,"minecraft:beef":6,"vs_eureka:dark_oak_ship_helm":3,"securitycraft:dirt_mine":9,"minecraft:cooked_beef":8,"minecraft:cobbled_deepslate":55,"minecraft:calcite":1,"minecraft:cooked_mutton":4,"minecraft:water_bucket":83,"minecraft:birch_planks":1,"create:empty_blaze_burner":1,"trackwork:med_suspension_track":33,"tfmg:large_aluminum_cogwheel":4,"minecraft:iron_golem_spawn_egg":3,"supplementaries:sconce_lever":6,"tfmg:lithium_torch":1,"create:encased_fan":2,"minecraft:crafting_table":14,"minecraft:white_bed":7,"minecraft:spruce_log":3,"create:mechanical_press":4,"minecraft:chicken":1,"minecraft:iron_pickaxe":51,"create:water_wheel":2,"minecraft:stone_axe":76,"vs_eureka:balloon":12,"minecraft:cobblestone":119,"minecraft:cooked_porkchop":23,"minecraft:bucket":86,"create:hand_crank":89,"trackwork:med_phys_track":15},"minecraft:mined":{"minecraft:large_amethyst_bud":10,"minecraft:white_bed":3,"minecraft:oak_sapling":4,"create:andesite_casing":2,"minecraft:cave_vines_plant":4,"minecraft:granite":7,"minecraft:grass_block":33,"sophisticatedbackpacks:iron_backpack":1,"minecraft:nether_wart":20,"minecraft:iron_ore":92,"minecraft:fire":65,"minecraft:deepslate_lapis_ore":8,"minecraft:nether_brick_stairs":3,"minecraft:cave_vines":6,"create:mechanical_press":1,"minecraft:deepslate_redstone_ore":3,"minecraft:crimson_nylium":4,"minecraft:smoker":3,"minecraft:medium_amethyst_bud":3,"minecraft:amethyst_cluster":15,"minecraft:clay":1,"minecraft:calcite":2,"minecraft:chest":1,"tfmg:lead_ore":10,"minecraft:nether_quartz_ore":1,"minecraft:cobblestone":31,"minecraft:sugar_cane":2,"minecraft:iron_door":2,"minecraft:wall_torch":1,"minecraft:amethyst_block":4,"minecraft:birch_sapling":2,"minecraft:skeleton_skull":1,"minecraft:nether_wart_block":4,"minecraft:birch_log":9,"minecraft:grass":99,"minecraft:oak_log":23,"minecraft:sand":20,"minecraft:dirt":29,"minecraft:smooth_basalt":2,"tfmg:deepslate_lithium_ore":10,"minecraft:netherrack":10,"minecraft:oak_leaves":54,"minecraft:deepslate":16,"minecraft:tuff":13,"minecraft:deepslate_diamond_ore":1,"minecraft:nether_bricks":57,"minecraft:allium":1,"minecraft:spruce_leaves":2,"farmersdelight:wild_onions":6,"minecraft:furnace":10,"minecraft:andesite":16,"minecraft:stripped_spruce_log":1,"supplementaries:gunpowder":6,"minecraft:nether_brick_fence":1,"minecraft:deepslate_iron_ore":24,"minecraft:stone":497,"minecraft:white_wool":1,"tfmg:deepslate_lead_ore":2,"minecraft:soul_sand":20,"minecraft:crafting_table":17,"minecraft:rose_bush":2,"minecraft:tall_grass":8,"minecraft:copper_ore":28,"minecraft:lapis_ore":13,"minecraft:deepslate_gold_ore":5,"minecraft:diorite":150,"supplementaries:urn":16,"create:mechanical_saw":1,"tfmg:galena":1,"minecraft:spruce_log":8,"minecraft:birch_leaves":3,"minecraft:bee_nest":2,"minecraft:coal_ore":66,"tfmg:deepslate_nickel_ore":3,"minecraft:sunflower":10,"minecraft:gravel":41,"minecraft:cobweb":66,"minecraft:gold_ore":3},"minecraft:crafted":{"minecraft:oak_planks":60,"minecraft:cooked_chicken":5,"minecraft:stone":3,"securitycraft:keypad_item":1,"minecraft:heavy_weighted_pressure_plate":1,"minecraft:cooked_mutton":4,"minecraft:iron_bars":16,"minecraft:glass":16,"create:mechanical_press":2,"minecraft:chest":4,"create:cogwheel":1,"create:depot":3,"sophisticatedbackpacks:backpack":1,"minecraft:cooked_porkchop":24,"minecraft:crafting_table":1,"minecraft:spruce_planks":20,"create:mechanical_saw":1,"minecraft:wooden_pickaxe":1,"minecraft:birch_planks":16,"create:encased_fan":2,"minecraft:paper":3,"create:water_wheel":2,"minecraft:shield":1,"minecraft:stick":44,"minecraft:iron_ingot":151,"minecraft:iron_pickaxe":2,"minecraft:iron_block":2,"minecraft:stone_sword":1,"minecraft:gold_ingot":5,"create:clipboard":3,"securitycraft:whitelist_module":1,"create:propeller":2,"create:empty_blaze_burner":4,"create:wrench":1,"minecraft:iron_nugget":99,"minecraft:furnace":3,"minecraft:stone_button":3,"minecraft:glass_pane":16,"minecraft:flint_and_steel":1,"minecraft:iron_axe":3,"minecraft:stone_pickaxe":10,"sophisticatedbackpacks:iron_backpack":1,"minecraft:cooked_beef":30,"minecraft:coal_block":7,"create:andesite_alloy":45,"create:hand_crank":2,"securitycraft:universal_block_modifier":1,"create:goggles":1,"minecraft:bucket":2,"minecraft:stone_axe":1,"minecraft:air":0,"minecraft:iron_shovel":1,"minecraft:white_bed":1,"create:shaft":8,"minecraft:andesite":258,"minecraft:torch":12},"minecraft:picked_up":{"minecraft:iron_chestplate":1,"minecraft:nether_brick_fence":1,"minecraft:amethyst_block":4,"minecraft:string":75,"minecraft:raw_copper":108,"minecraft:gold_nugget":30,"create:mechanical_press":1,"minecraft:cobbled_deepslate":24,"minecraft:rose_bush":5,"minecraft:calcite":3,"minecraft:furnace":10,"minecraft:stick":121,"minecraft:torch":26,"create:andesite_casing":2,"minecraft:porkchop":23,"minecraft:diorite":157,"minecraft:rotten_flesh":40,"create:clipboard":1,"farmersdelight:onion":6,"createbigcannons:cannon_carriage":2,"supplementaries:ash":39,"minecraft:blaze_rod":4,"minecraft:snowball":28,"minecraft:cobblestone":575,"minecraft:birch_log":77,"minecraft:feather":7,"minecraft:cooked_beef":8,"minecraft:iron_door":2,"minecraft:andesite":32,"minecraft:smoker":4,"minecraft:potato":3,"minecraft:flint":7,"minecraft:tuff":13,"supplementaries:flax_seeds":5,"tfmg:raw_lead":12,"minecraft:lapis_lazuli":145,"minecraft:dirt":95,"minecraft:bone":44,"securitycraft:reinforced_stone_button":8,"minecraft:glass":14,"minecraft:bow":3,"minecraft:wheat_seeds":28,"minecraft:raw_gold":8,"tfmg:galena":1,"minecraft:sand":20,"minecraft:stripped_spruce_log":1,"minecraft:nether_brick_stairs":5,"sophisticatedbackpacks:iron_backpack":1,"minecraft:grass_block":2,"minecraft:diamond":1,"minecraft:granite":5,"minecraft:emerald":1,"minecraft:netherrack":44,"minecraft:oak_sapling":145,"minecraft:light_gray_carpet":1,"minecraft:crimson_roots":2,"minecraft:crafting_table":17,"minecraft:coarse_dirt":2,"minecraft:allium":12,"minecraft:nether_wart":20,"minecraft:chicken":8,"minecraft:clay_ball":4,"minecraft:wooden_pickaxe":2,"minecraft:shield":1,"farmersdelight:mutton_wrap":1,"tfmg:raw_nickel":3,"minecraft:white_carpet":2,"minecraft:glass_pane":16,"minecraft:beef":13,"minecraft:iron_nugget":15,"minecraft:poppy":1,"minecraft:light_gray_wool":1,"minecraft:birch_sapling":39,"minecraft:sugar_cane":5,"minecraft:chest":1,"minecraft:egg":2,"minecraft:raw_iron":135,"sophisticatedbackpacks:backpack":1,"create:hand_crank":14,"minecraft:redstone":14,"minecraft:arrow":32,"minecraft:nether_bricks":56,"minecraft:hay_block":18,"minecraft:glow_berries":4,"minecraft:mutton":14,"minecraft:skeleton_skull":3,"minecraft:white_wool":9,"minecraft:glow_ink_sac":5,"tfmg:raw_lithium":20,"minecraft:leather":15,"minecraft:oak_log":307,"minecraft:golden_boots":1,"minecraft:nether_wart_block":4,"minecraft:gunpowder":24,"minecraft:apple":20,"minecraft:kelp":2,"minecraft:iron_ingot":33,"minecraft:glass_bottle":2,"minecraft:soul_sand":20,"create:mechanical_saw":2,"minecraft:smooth_basalt":2,"minecraft:quartz":1,"tfmg:lignite":1,"minecraft:gravel":33,"minecraft:amethyst_shard":60,"minecraft:white_bed":6,"minecraft:spruce_log":8,"minecraft:spider_eye":3,"minecraft:iron_helmet":1,"minecraft:black_wool":1,"minecraft:coal":68,"minecraft:ender_pearl":3,"minecraft:sunflower":25},"minecraft:broken":{"minecraft:iron_chestplate":1,"minecraft:stone_pickaxe":8,"minecraft:stone_axe":1,"minecraft:bow":1,"minecraft:stone_sword":1,"minecraft:shield":1,"minecraft:iron_axe":2,"minecraft:leather_boots":1,"minecraft:iron_helmet":1},"minecraft:killed_by":{"minecraft:blaze":1,"minecraft:zombie":2,"minecraft:player":28,"minecraft:enderman":1},"minecraft:dropped":{"minecraft:nether_brick_stairs":4,"minecraft:cooked_beef":23,"minecraft:glass_bottle":2,"tfmg:galena":1,"minecraft:cooked_porkchop":1,"minecraft:leather":2,"farmersdelight:mutton_wrap":2,"minecraft:flint":6,"minecraft:dirt":17,"minecraft:stone_button":3,"tfmg:lignite":1,"minecraft:crimson_roots":2,"minecraft:snowball":16,"railways:red_conductor_cap":1,"minecraft:sunflower":25,"minecraft:sand":2,"minecraft:birch_log":1,"minecraft:bone":2,"minecraft:gravel":14,"minecraft:cobbled_deepslate":8,"tfmg:raw_lithium":20,"minecraft:nether_brick_fence":1,"minecraft:poppy":1,"supplementaries:flax_seeds":2,"supplementaries:ash":19,"minecraft:gunpowder":1,"minecraft:skeleton_skull":1,"minecraft:arrow":6,"minecraft:glass":22,"minecraft:iron_ingot":9,"minecraft:wheat_seeds":26,"minecraft:feather":7,"minecraft:cobblestone":84,"minecraft:apple":4,"minecraft:granite":1,"minecraft:grass_block":3,"minecraft:coal":15,"minecraft:coal_block":9,"minecraft:stick":2,"create:clipboard":1,"minecraft:diorite":4,"minecraft:nether_wart_block":1,"minecraft:rose_bush":5,"minecraft:iron_door":1,"minecraft:string":1,"minecraft:redstone":3,"minecraft:smooth_basalt":1,"minecraft:kelp":2,"createbigcannons:cannon_carriage":2,"minecraft:coarse_dirt":2,"minecraft:tuff":1,"minecraft:white_carpet":1,"minecraft:light_gray_wool":1,"minecraft:clay_ball":4,"minecraft:smoker":4,"minecraft:nether_bricks":5,"minecraft:glass_pane":32,"tfmg:raw_nickel":3,"minecraft:potato":6,"minecraft:hay_block":66,"minecraft:stone":1,"minecraft:allium":12,"minecraft:andesite":3,"tfmg:raw_lead":2,"minecraft:oak_sapling":2,"create:hand_crank":1,"minecraft:spider_eye":2,"minecraft:bow":2,"minecraft:wooden_pickaxe":3,"minecraft:calcite":2},"minecraft:killed":{"minecraft:spider":8,"minecraft:skeleton":28,"minecraft:bee":1,"minecraft:chicken":8,"minecraft:piglin":2,"minecraft:pig":10,"minecraft:iron_golem":3,"minecraft:creeper":10,"minecraft:sheep":10,"minecraft:zombie":47,"minecraft:glow_squid":1,"minecraft:blaze":4,"minecraft:cow":8,"minecraft:horse":6,"minecraft:wither_skeleton":5,"minecraft:enderman":1},"minecraft:custom":{"minecraft:interact_with_crafting_table":89,"minecraft:leave_game":11,"minecraft:time_since_death":2504,"minecraft:sprint_one_cm":968544,"minecraft:damage_blocked_by_shield":3863,"minecraft:drop":300,"minecraft:play_time":612407,"minecraft:deaths":48,"minecraft:jump":5481,"minecraft:walk_on_water_one_cm":123841,"minecraft:interact_with_furnace":103,"minecraft:sleep_in_bed":13,"minecraft:open_enderchest":5,"minecraft:damage_dealt":38765,"minecraft:player_kills":41,"minecraft:crouch_one_cm":16061,"minecraft:interact_with_smoker":25,"minecraft:mob_kills":153,"minecraft:interact_with_anvil":3,"minecraft:damage_dealt_resisted":240,"minecraft:climb_one_cm":465,"minecraft:walk_one_cm":1070053,"minecraft:damage_dealt_absorbed":160,"minecraft:sneak_time":8404,"minecraft:walk_under_water_one_cm":86767,"minecraft:total_world_time":612407,"minecraft:time_since_rest":2530,"minecraft:damage_taken":16751,"minecraft:swim_one_cm":127904,"minecraft:fly_one_cm":946650,"minecraft:open_chest":232,"minecraft:fall_one_cm":159953}},"DataVersion":3465}