{"stats":{"minecraft:killed":{"minecraft:evoker":2,"minecraft:vex":1,"minecraft:cave_spider":2,"minecraft:vindicator":16,"soulslikeuniverse:monstersuccessor":1,"minecraft:skeleton":17,"soulslikeuniverse:hollowsoldier":1,"soulslikeuniverse:siegmeyer":2,"minecraft:chicken":3,"soulslikeuniverse:darkspirit":1,"soulslikeuniverse:hollowsoldiersword":3,"soulslikeuniverse:monsterhollow":4,"minecraft:illusioner":5,"recruits:horseman":1,"soulslikeuniverse:shadowassassin":1,"minecraft:pig":7,"soulslikeuniverse:twistedsouls":1,"minecraft:creeper":9,"soulslikeuniverse:madknight":2,"minecraft:sheep":2,"minecraft:pillager":6,"minecraft:zombie":26,"soulslikeuniverse:monstergodricksoldier":1,"soulslikeuniverse:monsterblasphemyknight":1,"minecraft:enderman":1},"minecraft:mined":{"minecraft:spruce_planks":3,"minecraft:dark_oak_leaves":1,"minecraft:candle":11,"minecraft:glow_lichen":2,"minecraft:grass_block":1,"minecraft:spruce_leaves":8,"minecraft:hay_block":24,"minecraft:fire":2,"minecraft:barrel":3,"minecraft:bookshelf":6,"minecraft:water_cauldron":3,"minecraft:iron_bars":2,"minecraft:lantern":1,"minecraft:spruce_wood":4,"minecraft:stone":11,"minecraft:player_head":1,"minecraft:white_wool":11,"minecraft:note_block":2,"minecraft:clay":1,"minecraft:crafting_table":8,"minecraft:melon":12,"minecraft:tall_grass":1,"projectvibrantjourneys:red_sandstone_rocks":1,"minecraft:jukebox":2,"minecraft:spruce_log":11,"projectvibrantjourneys:short_grass":3,"minecraft:gravel":1},"minecraft:used":{"minecraft:spruce_planks":24,"minecraft:player_head":1,"minecraft:rotten_flesh":24,"minecraft:mutton":3,"projectvibrantjourneys:bark_mushroom":1,"wom:stone_staff":97,"soulslikeuniverse:legendarymace":518,"soulslikeuniverse:estusflask":8,"projectvibrantjourneys:red_sandstone_rocks":2,"minecraft:barrel":3,"minecraft:hay_block":1,"minecraft:furnace":1,"minecraft:cooked_beef":2,"minecraft:pumpkin":2,"epicfight:skillbook":16,"minecraft:polished_andesite":2,"minecraft:stone_pickaxe":21,"minecraft:baked_potato":1,"minecraft:clay":1,"minecraft:leather_boots":1,"minecraft:white_wool":11,"minecraft:crafting_table":7,"minecraft:white_bed":1,"minecraft:spruce_log":1,"epicfight:stone_spear":1,"projectvibrantjourneys:pinecones":1,"minecraft:chicken":3,"minecraft:bread":36,"minecraft:gravel":1,"soulslikeuniverse:round_helmet":1,"minecraft:spruce_sapling":4,"minecraft:stone_axe":10,"minecraft:cobblestone":1,"minecraft:porkchop":9,"minecraft:cooked_porkchop":7,"soulslikeuniverse:dagger":120},"minecraft:custom":{"minecraft:mob_kills":121,"minecraft:interact_with_crafting_table":20,"minecraft:open_barrel":63,"minecraft:leave_game":2,"minecraft:time_since_death":1541,"minecraft:climb_one_cm":5321,"minecraft:damage_resisted":2095,"minecraft:sprint_one_cm":1165705,"minecraft:walk_one_cm":1145555,"minecraft:drop":70,"minecraft:play_noteblock":3,"minecraft:damage_dealt_absorbed":10763,"minecraft:play_time":177536,"minecraft:deaths":20,"minecraft:sneak_time":1249,"minecraft:walk_under_water_one_cm":1499,"minecraft:interact_with_lectern":1,"minecraft:jump":1207,"minecraft:walk_on_water_one_cm":72287,"minecraft:total_world_time":177536,"minecraft:interact_with_furnace":9,"minecraft:traded_with_villager":13,"minecraft:tune_noteblock":1,"minecraft:time_since_rest":1673,"minecraft:damage_taken":7428,"minecraft:damage_dealt":35090,"minecraft:fly_one_cm":422048,"minecraft:swim_one_cm":9954,"minecraft:player_kills":8,"minecraft:open_chest":20,"minecraft:crouch_one_cm":5023,"minecraft:fall_one_cm":30467},"minecraft:killed_by":{"minecraft:evoker":1,"minecraft:player":3,"soulslikeuniverse:monstersuccessor":1,"soulslikeuniverse:madknight":1,"soulslikeuniverse:fieldboss_countrobert":2,"soulslikeuniverse:monstergodricksoldier":1,"minecraft:vindicator":5,"minecraft:skeleton":1,"soulslikeuniverse:twistedsouls":1,"minecraft:vex":2,"minecraft:illusioner":1},"minecraft:dropped":{"minecraft:candle":1,"minecraft:glass_bottle":1,"minecraft:feather":5,"minecraft:leather":1,"epicfight:stone_spear":1,"minecraft:grass_block":1,"minecraft:coal":6,"minecraft:stick":6,"minecraft:polished_andesite":4,"minecraft:cyan_terracotta":2,"irons_spellbooks:scroll":1,"minecraft:dirt":2,"soulslikeuniverse:assassin_chestplate":1,"minecraft:green_carpet":2,"minecraft:iron_axe":2,"projectvibrantjourneys:mossy_rocks":1,"minecraft:purple_wool":2,"minecraft:paper":1,"minecraft:string":1,"minecraft:lily_pad":1,"minecraft:white_wool":1,"minecraft:spruce_sapling":11,"minecraft:bone":11,"minecraft:stone_axe":1,"minecraft:iron_nugget":3,"minecraft:player_head":3,"projectvibrantjourneys:twigs":2,"soulslikeuniverse:dagger":2,"minecraft:wheat":2,"soulslikeuniverse:soldier_chestplate":2,"minecraft:clay_ball":4,"philipsruins:broken_bone":6,"soulslikeuniverse:godricksoldier_helmet":1,"soulslikeuniverse:spellstone":1,"wom:stone_staff":3,"projectvibrantjourneys:light_brown_bark_mushroom":3,"minecraft:gunpowder":1,"minecraft:andesite":8,"minecraft:leather_boots":3,"minecraft:iron_bars":6,"soulslikeuniverse:legendarycruciblesword":1,"epicfight:skillbook":2,"minecraft:egg":8},"minecraft:crafted":{"soulslikeuniverse:soldier_helmet":1,"wom:stone_staff":1,"minecraft:furnace":1,"minecraft:melon_seeds":7,"minecraft:stone_pickaxe":1,"sophisticatedbackpacks:iron_backpack":1,"minecraft:wheat":100,"minecraft:emerald":24,"sophisticatedbackpacks:backpack":1,"minecraft:cooked_porkchop":7,"minecraft:crafting_table":2,"minecraft:spruce_planks":36,"irons_spellbooks:furled_map":1,"sophisticatedbackpacks:gold_backpack":1,"minecraft:stone_axe":1,"minecraft:bread":36,"minecraft:air":0,"minecraft:stick":8,"minecraft:gold_ingot":10,"minecraft:white_bed":1,"minecraft:clay":1},"minecraft:broken":{"soulslikeuniverse:round_helmet":1,"minecraft:iron_boots":1,"minecraft:golden_leggings":1,"minecraft:iron_helmet":1,"epicfight:stone_spear":1},"minecraft:picked_up":{"irons_spellbooks:scroll":6,"minecraft:crafting_table":7,"minecraft:wheat":10,"minecraft:purple_wool":4,"minecraft:chicken":3,"minecraft:clay_ball":8,"soulslikeuniverse:blasphemyfragment":1,"wom:stone_staff":2,"minecraft:brewing_stand":1,"minecraft:music_disc_cat":1,"projectvibrantjourneys:mossy_rocks":2,"minecraft:string":12,"projectvibrantjourneys:red_sandstone_rocks":2,"minecraft:iron_axe":4,"irons_spellbooks:arcane_essence":3,"minecraft:candle":36,"soulslikeuniverse:hollowsoul":13,"minecraft:spruce_planks":3,"soulslikeuniverse:round_helmet":1,"minecraft:player_head":5,"minecraft:iron_nugget":2,"minecraft:melon_slice":27,"minecraft:chest":1,"minecraft:phantom_membrane":1,"minecraft:iron_boots":1,"minecraft:egg":8,"minecraft:stick":3,"minecraft:jukebox":2,"soulslikeuniverse:spawnmagicwhitephantom":1,"projectvibrantjourneys:bark_mushroom":1,"minecraft:torch":1,"minecraft:note_block":2,"epicfight:skillbook":11,"minecraft:porkchop":16,"minecraft:cauldron":3,"minecraft:diamond_chestplate":1,"minecraft:arrow":20,"soulslikeuniverse:assassin_chestplate":1,"minecraft:rotten_flesh":32,"soulslikeuniverse:estusflask":45,"minecraft:hay_block":20,"minecraft:cyan_terracotta":4,"minecraft:saddle":2,"minecraft:totem_of_undying":3,"soulslikeuniverse:repairstone":4,"minecraft:mutton":3,"minecraft:iron_bars":6,"minecraft:white_wool":15,"minecraft:cobblestone":17,"epicfight:stone_spear":2,"minecraft:feather":10,"minecraft:cooked_beef":2,"minecraft:andesite":8,"soulslikeuniverse:siegmeyershield":1,"minecraft:leather":6,"minecraft:golden_leggings":1,"minecraft:lily_pad":1,"minecraft:gunpowder":19,"minecraft:paper":1,"minecraft:dirt":2,"soulslikeuniverse:spellstone":2,"minecraft:lantern":1,"soulslikeuniverse:legendarymace":1,"minecraft:leather_boots":3,"minecraft:bone":31,"minecraft:bow":1,"soulslikeuniverse:godricksoldier_helmet":2,"minecraft:spruce_wood":4,"philipsruins:broken_bone":6,"minecraft:glass_bottle":1,"minecraft:book":18,"projectvibrantjourneys:light_brown_bark_mushroom":4,"soulslikeuniverse:soldier_helmet":2,"minecraft:gravel":1,"minecraft:spruce_sapling":19,"soulslikeuniverse:legendarycruciblesword":1,"minecraft:grass_block":1,"minecraft:spruce_log":11,"minecraft:green_carpet":2,"minecraft:spider_eye":1,"minecraft:barrel":3,"minecraft:polished_andesite":6,"minecraft:stone_axe":1,"soulslikeuniverse:ashenknight_chestplate":1,"minecraft:iron_helmet":1,"soulslikeuniverse:soldier_chestplate":2,"soulslikeuniverse:dagger":1,"minecraft:emerald":12,"soulslikeuniverse:knightsoul":5,"minecraft:baked_potato":1,"projectvibrantjourneys:twigs":4,"minecraft:coal":6,"soulslikeuniverse:longsword":1,"projectvibrantjourneys:pinecones":1}},"DataVersion":3465}