{"stats":{"minecraft:killed":{"minecraft:evoker":2,"minecraft:vex":1,"minecraft:cave_spider":2,"recruits:recruit_shieldman":1,"irons_spellbooks:pyromancer":1,"minecraft:spider":5,"minecraft:vindicator":16,"soulslikeuniverse:monstersuccessor":1,"minecraft:skeleton":23,"soulslikeuniverse:hollowsoldier":1,"soulslikeuniverse:siegmeyer":3,"minecraft:chicken":3,"soulslikeuniverse:darkspirit":1,"soulslikeuniverse:hollowsoldiersword":3,"soulslikeuniverse:monsterhollow":7,"minecraft:illusioner":5,"recruits:horseman":1,"soulslikeuniverse:shadowassassin":1,"minecraft:pig":8,"recruits:recruit":1,"soulslikeuniverse:twistedsouls":2,"minecraft:creeper":14,"soulslikeuniverse:madknight":2,"minecraft:sheep":2,"minecraft:pillager":7,"minecraft:zombie":48,"soulslikeuniverse:monstergodricksoldier":1,"soulslikeuniverse:monsterblasphemyknight":1,"minecraft:enderman":1},"minecraft:mined":{"minecraft:spruce_planks":3,"minecraft:dark_oak_leaves":1,"minecraft:candle":11,"minecraft:glow_lichen":2,"minecraft:grass_block":1,"minecraft:spruce_leaves":8,"minecraft:hay_block":24,"minecraft:fire":2,"minecraft:barrel":3,"minecraft:bookshelf":6,"minecraft:water_cauldron":3,"minecraft:iron_bars":2,"minecraft:lantern":1,"minecraft:spruce_wood":4,"minecraft:stone":11,"minecraft:player_head":1,"minecraft:white_wool":11,"minecraft:note_block":2,"minecraft:clay":1,"minecraft:crafting_table":9,"minecraft:melon":12,"minecraft:campfire":1,"minecraft:tall_grass":1,"projectvibrantjourneys:fallen_leaves":1,"projectvibrantjourneys:red_sandstone_rocks":1,"minecraft:jukebox":2,"minecraft:spruce_log":16,"projectvibrantjourneys:short_grass":6,"minecraft:gravel":1,"minecraft:fern":1},"minecraft:used":{"minecraft:flint_and_steel":1,"minecraft:spruce_planks":24,"minecraft:player_head":1,"minecraft:rotten_flesh":51,"minecraft:mutton":3,"projectvibrantjourneys:bark_mushroom":1,"wom:stone_staff":97,"soulslikeuniverse:legendarymace":768,"soulslikeuniverse:estusflask":50,"projectvibrantjourneys:red_sandstone_rocks":2,"minecraft:barrel":3,"minecraft:hay_block":1,"minecraft:furnace":1,"minecraft:cooked_beef":2,"minecraft:pumpkin":2,"epicfight:skillbook":17,"minecraft:polished_andesite":2,"minecraft:stone_pickaxe":21,"minecraft:baked_potato":1,"minecraft:clay":1,"minecraft:leather_boots":1,"minecraft:white_wool":11,"minecraft:crafting_table":8,"minecraft:campfire":1,"minecraft:white_bed":1,"minecraft:spruce_log":1,"epicfight:stone_spear":1,"projectvibrantjourneys:pinecones":1,"minecraft:chicken":3,"minecraft:bread":60,"minecraft:gravel":1,"soulslikeuniverse:round_helmet":1,"minecraft:spruce_sapling":4,"minecraft:stone_axe":17,"minecraft:cobblestone":1,"minecraft:porkchop":9,"minecraft:cooked_porkchop":7,"soulslikeuniverse:dagger":120},"minecraft:custom":{"minecraft:mob_kills":171,"minecraft:interact_with_crafting_table":24,"minecraft:open_barrel":63,"minecraft:damage_dealt_resisted":14,"minecraft:leave_game":2,"minecraft:time_since_death":3003,"minecraft:climb_one_cm":9714,"minecraft:damage_resisted":2095,"minecraft:sprint_one_cm":1675641,"minecraft:walk_one_cm":1604527,"minecraft:drop":81,"minecraft:play_noteblock":3,"minecraft:damage_dealt_absorbed":19622,"minecraft:play_time":237536,"minecraft:deaths":33,"minecraft:sneak_time":1255,"minecraft:walk_under_water_one_cm":7643,"minecraft:interact_with_lectern":1,"minecraft:jump":1858,"minecraft:walk_on_water_one_cm":75490,"minecraft:total_world_time":237536,"minecraft:interact_with_furnace":9,"minecraft:traded_with_villager":13,"minecraft:tune_noteblock":4,"minecraft:time_since_rest":3135,"minecraft:damage_taken":11649,"minecraft:damage_dealt":53177,"minecraft:fly_one_cm":763951,"minecraft:swim_one_cm":13641,"minecraft:player_kills":13,"minecraft:open_chest":21,"minecraft:crouch_one_cm":5023,"minecraft:fall_one_cm":85783},"minecraft:killed_by":{"minecraft:evoker":1,"minecraft:player":6,"soulslikeuniverse:monstersuccessor":1,"soulslikeuniverse:fieldboss_mohg":4,"soulslikeuniverse:fieldboss_crucibleknight":1,"soulslikeuniverse:madknight":1,"soulslikeuniverse:fieldboss_countrobert":2,"soulslikeuniverse:monstergodricksoldier":1,"minecraft:vindicator":5,"recruits:bowman":1,"minecraft:skeleton":2,"soulslikeuniverse:havel":1,"soulslikeuniverse:twistedsouls":1,"minecraft:vex":2,"minecraft:illusioner":1},"minecraft:dropped":{"minecraft:bread":12,"minecraft:candle":1,"minecraft:wheat_seeds":1,"minecraft:glass_bottle":1,"minecraft:feather":5,"minecraft:leather":1,"epicfight:stone_spear":1,"minecraft:grass_block":1,"minecraft:coal":6,"minecraft:stick":6,"minecraft:polished_andesite":4,"minecraft:cyan_terracotta":2,"irons_spellbooks:scroll":1,"minecraft:dirt":2,"soulslikeuniverse:assassin_chestplate":1,"minecraft:wooden_axe":2,"minecraft:white_banner":1,"minecraft:green_carpet":2,"minecraft:iron_axe":4,"projectvibrantjourneys:mossy_rocks":1,"minecraft:purple_wool":2,"minecraft:paper":1,"minecraft:string":1,"minecraft:lily_pad":1,"minecraft:white_wool":1,"minecraft:spruce_sapling":11,"minecraft:bone":11,"minecraft:stone_axe":1,"irons_spellbooks:fire_rune":1,"minecraft:iron_nugget":3,"minecraft:player_head":3,"projectvibrantjourneys:twigs":2,"soulslikeuniverse:dagger":2,"minecraft:wheat":2,"soulslikeuniverse:soldier_chestplate":2,"minecraft:rotten_flesh":1,"minecraft:clay_ball":4,"philipsruins:broken_bone":6,"soulslikeuniverse:godricksoldier_helmet":1,"soulslikeuniverse:spellstone":1,"wom:stone_staff":3,"projectvibrantjourneys:light_brown_bark_mushroom":3,"minecraft:gunpowder":1,"minecraft:andesite":8,"minecraft:leather_boots":3,"minecraft:iron_bars":6,"soulslikeuniverse:legendarycruciblesword":1,"epicfight:skillbook":4,"minecraft:egg":8},"minecraft:crafted":{"soulslikeuniverse:soldier_helmet":1,"wom:stone_staff":1,"minecraft:furnace":1,"minecraft:melon_seeds":7,"minecraft:stone_pickaxe":1,"sophisticatedbackpacks:iron_backpack":1,"minecraft:wheat":100,"minecraft:emerald":24,"sophisticatedbackpacks:backpack":1,"minecraft:cooked_porkchop":7,"minecraft:crafting_table":2,"minecraft:spruce_planks":44,"irons_spellbooks:furled_map":1,"sophisticatedbackpacks:gold_backpack":1,"minecraft:campfire":4,"minecraft:stone_axe":1,"minecraft:bread":36,"minecraft:air":0,"minecraft:stick":24,"minecraft:gold_ingot":10,"minecraft:white_bed":1,"minecraft:clay":1},"minecraft:broken":{"soulslikeuniverse:round_helmet":1,"minecraft:iron_boots":1,"minecraft:golden_leggings":1,"minecraft:leather_boots":1,"minecraft:iron_helmet":1,"epicfight:stone_spear":1},"minecraft:picked_up":{"minecraft:wooden_axe":2,"irons_spellbooks:scroll":7,"minecraft:charcoal":2,"minecraft:crafting_table":8,"minecraft:wheat":10,"minecraft:purple_wool":4,"minecraft:chicken":3,"minecraft:clay_ball":8,"soulslikeuniverse:blasphemyfragment":1,"wom:stone_staff":2,"minecraft:brewing_stand":1,"minecraft:music_disc_cat":1,"projectvibrantjourneys:mossy_rocks":2,"minecraft:string":17,"projectvibrantjourneys:red_sandstone_rocks":2,"minecraft:iron_axe":5,"minecraft:gold_nugget":1,"irons_spellbooks:arcane_essence":3,"minecraft:candle":36,"soulslikeuniverse:hollowsoul":17,"minecraft:spruce_planks":3,"soulslikeuniverse:round_helmet":1,"minecraft:player_head":5,"minecraft:iron_nugget":2,"minecraft:melon_slice":56,"minecraft:chest":1,"minecraft:phantom_membrane":1,"minecraft:iron_boots":1,"minecraft:egg":8,"minecraft:stick":3,"minecraft:jukebox":2,"soulslikeuniverse:spawnmagicwhitephantom":1,"projectvibrantjourneys:bark_mushroom":1,"minecraft:torch":1,"minecraft:note_block":2,"epicfight:skillbook":12,"minecraft:porkchop":18,"soulslikeuniverse:soldier_boots":1,"irons_spellbooks:fire_rune":1,"minecraft:cauldron":3,"wom:tormented_mind":1,"minecraft:diamond_chestplate":1,"minecraft:arrow":34,"soulslikeuniverse:assassin_chestplate":1,"minecraft:rotten_flesh":75,"soulslikeuniverse:estusflask":57,"minecraft:hay_block":20,"minecraft:cyan_terracotta":4,"minecraft:saddle":2,"minecraft:totem_of_undying":3,"soulslikeuniverse:repairstone":6,"minecraft:mutton":3,"minecraft:iron_bars":6,"minecraft:white_wool":15,"minecraft:cobblestone":17,"epicfight:stone_spear":2,"minecraft:feather":10,"minecraft:cooked_beef":2,"minecraft:andesite":8,"soulslikeuniverse:siegmeyershield":1,"minecraft:leather":6,"minecraft:golden_leggings":1,"minecraft:lily_pad":1,"projectvibrantjourneys:rocks":1,"minecraft:gunpowder":22,"minecraft:paper":1,"minecraft:dirt":2,"soulslikeuniverse:spellstone":2,"minecraft:lantern":1,"minecraft:white_banner":2,"soulslikeuniverse:legendarymace":1,"minecraft:leather_boots":4,"minecraft:bone":36,"minecraft:wheat_seeds":3,"minecraft:bow":1,"soulslikeuniverse:godricksoldier_helmet":2,"minecraft:spruce_wood":4,"philipsruins:broken_bone":6,"minecraft:glass_bottle":1,"wom:agony":1,"minecraft:book":18,"projectvibrantjourneys:light_brown_bark_mushroom":4,"soulslikeuniverse:soldier_helmet":2,"irons_spellbooks:legendary_ink":1,"minecraft:gravel":1,"minecraft:spruce_sapling":20,"soulslikeuniverse:legendarycruciblesword":1,"minecraft:grass_block":1,"minecraft:spruce_log":20,"minecraft:green_carpet":2,"minecraft:spider_eye":4,"minecraft:barrel":3,"minecraft:polished_andesite":6,"minecraft:stone_axe":1,"soulslikeuniverse:ashenknight_chestplate":1,"minecraft:iron_helmet":1,"soulslikeuniverse:soldier_chestplate":2,"soulslikeuniverse:dagger":1,"minecraft:bread":12,"minecraft:emerald":12,"soulslikeuniverse:knightsoul":5,"irons_spellbooks:uncommon_ink":1,"minecraft:baked_potato":1,"projectvibrantjourneys:twigs":4,"minecraft:coal":6,"soulslikeuniverse:longsword":1,"projectvibrantjourneys:pinecones":1}},"DataVersion":3465}