{"stats":{"minecraft:mined":{"minecraft:dark_oak_leaves":3},"minecraft:used":{"minecraft:glass":2,"createdeco:decal_no_entry":1,"create:netherite_diving_boots":1,"create:netherite_diving_helmet":1,"createdeco:green_brass_lamp":1,"createdeco:red_brass_lamp":1,"supplementaries:globe_sepia":2,"minecraft:grass_block":4,"createdeco:industrial_iron_door":1,"securitycraft:keypad_chest":1,"createdeco:black_placard":3,"securitycraft:reinforced_tinted_glass":8,"createbigcannons:steel_screw_breech":1,"minecraft:oak_planks":178,"create:train_door":1,"vs_eureka:white_balloon":78,"securitycraft:panic_button":1,"vs_eureka:oak_ship_helm":4,"createbigcannons:steel_quickfiring_breech":1,"create:adjustable_chain_gearshift":1,"createbigcannons:cannon_mount":1,"vs_eureka:balloon":51,"tfmg:yellow_caution_block":8,"minecraft:netherite_leggings":1,"vs_eureka:engine":45,"vs_clockwork:command_seat":4,"minecraft:porkchop":1,"create:industrial_iron_block":66,"create:netherite_backtank":1,"supplementaries:bamboo_spikes_tipped":2,"securitycraft:alarm":1,"createbigcannons:built_up_steel_cannon_barrel":5,"createdeco:red_placard":1},"minecraft:picked_up":{"minecraft:porkchop":4,"minecraft:birch_planks":1,"minecraft:netherite_leggings":1,"minecraft:iron_axe":4,"minecraft:tnt":1,"minecraft:netherite_helmet":1,"minecraft:netherite_chestplate":1,"minecraft:coal":457},"minecraft:custom":{"minecraft:time_since_rest":65707,"minecraft:sprint_one_cm":7580,"minecraft:damage_taken":40,"minecraft:walk_one_cm":198179,"minecraft:mob_kills":2,"minecraft:damage_dealt":313,"minecraft:drop":5,"minecraft:swim_one_cm":2015,"minecraft:talked_to_villager":1,"minecraft:fly_one_cm":769904,"minecraft:open_chest":2,"minecraft:crouch_one_cm":6113,"minecraft:play_time":65707,"minecraft:sneak_time":1647,"minecraft:walk_under_water_one_cm":7146,"minecraft:jump":104,"minecraft:walk_on_water_one_cm":2696,"minecraft:time_since_death":65707,"minecraft:total_world_time":65707,"minecraft:fall_one_cm":656},"minecraft:killed":{"minecraft:pig":2},"minecraft:dropped":{"create:netherite_diving_helmet":1,"minecraft:birch_planks":1,"create:netherite_diving_boots":1,"create:netherite_backtank":1,"minecraft:netherite_leggings":1}},"DataVersion":3465}