{"stats":{"minecraft:used":{"minecraft:iron_shovel":27,"minecraft:chest":3,"minecraft:shield":113,"minecraft:stone":2,"minecraft:rotten_flesh":25,"create:analog_lever":1,"minecraft:iron_chestplate":1,"minecraft:mutton":6,"securitycraft:keypad_item":1,"vs_eureka:pink_balloon":5,"create:depot":1,"minecraft:tuff":12,"trackwork:large_suspension_track":36,"minecraft:stripped_spruce_log":1,"minecraft:grass_block":30,"minecraft:iron_helmet":1,"vs_eureka:oak_ship_helm":5,"minecraft:bow":6,"create:shaft":11,"minecraft:furnace":13,"create:industrial_iron_block":147,"minecraft:skeleton_skull":2,"minecraft:egg":1,"minecraft:diorite":24,"minecraft:stone_pickaxe":659,"minecraft:oak_planks":26,"minecraft:wooden_pickaxe":20,"minecraft:white_wool":3,"minecraft:glow_berries":5,"minecraft:sand":2,"railways:red_conductor_cap":2,"minecraft:redstone_torch":3,"minecraft:gravel":19,"minecraft:andesite":47,"trackwork:large_phys_track":12,"minecraft:birch_log":3,"create:vertical_gearbox":3,"securitycraft:whitelist_module":4,"create:clipboard":6,"supplementaries:cog_block":2,"minecraft:netherite_sword":37,"sophisticatedbackpacks:iron_backpack":3,"minecraft:stone_sword":66,"minecraft:flint_and_steel":14,"minecraft:redstone":4,"valkyrienskies:test_hinge":1,"minecraft:ender_chest":3,"minecraft:stick":1,"minecraft:torch":16,"minecraft:dirt":63,"minecraft:anvil":3,"trackwork:track_level_controller":4,"minecraft:white_carpet":10,"trackwork:phys_track":5,"minecraft:granite":4,"create:wrench":7,"minecraft:iron_axe":310,"securitycraft:universal_block_modifier":4,"minecraft:smooth_basalt":1,"minecraft:gunpowder":87,"vs_clockwork:redstone_resistor":2,"minecraft:beef":6,"vs_eureka:dark_oak_ship_helm":3,"securitycraft:dirt_mine":9,"minecraft:cooked_beef":7,"minecraft:cobbled_deepslate":55,"minecraft:calcite":1,"minecraft:water_bucket":48,"minecraft:birch_planks":1,"trackwork:med_suspension_track":33,"tfmg:large_aluminum_cogwheel":4,"minecraft:iron_golem_spawn_egg":3,"supplementaries:sconce_lever":6,"tfmg:lithium_torch":1,"minecraft:crafting_table":14,"minecraft:white_bed":7,"minecraft:spruce_log":3,"create:mechanical_press":4,"minecraft:chicken":1,"minecraft:iron_pickaxe":38,"minecraft:stone_axe":76,"vs_eureka:balloon":12,"minecraft:cobblestone":92,"minecraft:cooked_porkchop":14,"minecraft:bucket":50,"create:hand_crank":25,"trackwork:med_phys_track":15},"minecraft:mined":{"minecraft:large_amethyst_bud":10,"minecraft:white_bed":3,"create:andesite_casing":2,"minecraft:cave_vines_plant":4,"minecraft:granite":7,"minecraft:grass_block":29,"sophisticatedbackpacks:iron_backpack":1,"minecraft:iron_ore":82,"minecraft:fire":58,"minecraft:deepslate_lapis_ore":8,"minecraft:cave_vines":6,"create:mechanical_press":1,"minecraft:deepslate_redstone_ore":3,"minecraft:medium_amethyst_bud":3,"minecraft:amethyst_cluster":15,"minecraft:clay":1,"minecraft:calcite":2,"minecraft:chest":1,"tfmg:lead_ore":10,"minecraft:cobblestone":8,"minecraft:sugar_cane":2,"minecraft:wall_torch":1,"minecraft:amethyst_block":4,"minecraft:skeleton_skull":1,"minecraft:birch_log":6,"minecraft:grass":91,"minecraft:oak_log":19,"minecraft:sand":20,"minecraft:dirt":21,"minecraft:smooth_basalt":2,"tfmg:deepslate_lithium_ore":10,"minecraft:oak_leaves":27,"minecraft:deepslate":16,"minecraft:tuff":13,"minecraft:deepslate_diamond_ore":1,"minecraft:allium":1,"minecraft:spruce_leaves":2,"farmersdelight:wild_onions":6,"minecraft:furnace":10,"minecraft:andesite":12,"minecraft:stripped_spruce_log":1,"supplementaries:gunpowder":6,"minecraft:deepslate_iron_ore":24,"minecraft:stone":231,"minecraft:white_wool":1,"tfmg:deepslate_lead_ore":2,"minecraft:crafting_table":15,"minecraft:rose_bush":2,"minecraft:tall_grass":8,"minecraft:copper_ore":19,"minecraft:lapis_ore":13,"minecraft:deepslate_gold_ore":5,"minecraft:diorite":99,"supplementaries:urn":16,"tfmg:galena":1,"minecraft:spruce_log":8,"minecraft:bee_nest":2,"minecraft:coal_ore":66,"tfmg:deepslate_nickel_ore":3,"minecraft:sunflower":10,"minecraft:gravel":41,"minecraft:cobweb":66,"minecraft:gold_ore":3},"minecraft:crafted":{"minecraft:oak_planks":36,"minecraft:cooked_chicken":5,"minecraft:stone":3,"securitycraft:keypad_item":1,"minecraft:heavy_weighted_pressure_plate":1,"minecraft:cooked_mutton":4,"minecraft:glass":16,"create:mechanical_press":2,"minecraft:chest":3,"create:cogwheel":1,"create:depot":1,"sophisticatedbackpacks:backpack":1,"minecraft:cooked_porkchop":23,"minecraft:crafting_table":1,"minecraft:spruce_planks":20,"create:mechanical_saw":1,"minecraft:wooden_pickaxe":1,"minecraft:birch_planks":12,"create:encased_fan":1,"minecraft:paper":3,"minecraft:shield":1,"minecraft:stick":32,"minecraft:iron_ingot":142,"minecraft:iron_pickaxe":2,"minecraft:iron_block":2,"minecraft:stone_sword":1,"minecraft:gold_ingot":5,"create:clipboard":3,"securitycraft:whitelist_module":1,"create:propeller":1,"create:wrench":1,"minecraft:iron_nugget":99,"minecraft:furnace":3,"minecraft:stone_button":3,"minecraft:glass_pane":16,"minecraft:flint_and_steel":1,"minecraft:iron_axe":3,"minecraft:stone_pickaxe":6,"sophisticatedbackpacks:iron_backpack":1,"minecraft:cooked_beef":7,"create:andesite_alloy":45,"create:hand_crank":2,"securitycraft:universal_block_modifier":1,"create:goggles":1,"minecraft:bucket":2,"minecraft:stone_axe":1,"minecraft:air":0,"minecraft:iron_shovel":1,"minecraft:white_bed":1,"create:shaft":8,"minecraft:andesite":156,"minecraft:torch":12},"minecraft:picked_up":{"minecraft:iron_chestplate":1,"minecraft:amethyst_block":4,"minecraft:string":75,"minecraft:raw_copper":69,"minecraft:gold_nugget":30,"create:mechanical_press":1,"minecraft:cobbled_deepslate":24,"minecraft:rose_bush":5,"minecraft:calcite":3,"minecraft:furnace":10,"minecraft:stick":5,"minecraft:torch":25,"create:andesite_casing":2,"minecraft:porkchop":23,"minecraft:diorite":106,"minecraft:rotten_flesh":35,"create:clipboard":1,"farmersdelight:onion":6,"createbigcannons:cannon_carriage":2,"supplementaries:ash":35,"minecraft:snowball":28,"minecraft:cobblestone":303,"minecraft:birch_log":6,"minecraft:feather":7,"minecraft:cooked_beef":8,"minecraft:andesite":25,"minecraft:potato":1,"minecraft:flint":7,"minecraft:tuff":13,"supplementaries:flax_seeds":5,"tfmg:raw_lead":12,"minecraft:lapis_lazuli":145,"minecraft:dirt":81,"minecraft:bone":39,"securitycraft:reinforced_stone_button":8,"minecraft:glass":14,"minecraft:bow":3,"minecraft:wheat_seeds":27,"minecraft:raw_gold":8,"tfmg:galena":1,"minecraft:sand":20,"minecraft:stripped_spruce_log":1,"sophisticatedbackpacks:iron_backpack":1,"minecraft:grass_block":2,"minecraft:diamond":1,"minecraft:granite":5,"minecraft:emerald":1,"minecraft:oak_sapling":1,"minecraft:light_gray_carpet":1,"minecraft:crafting_table":16,"minecraft:coarse_dirt":2,"minecraft:allium":12,"minecraft:chicken":8,"minecraft:clay_ball":4,"minecraft:wooden_pickaxe":2,"minecraft:shield":1,"farmersdelight:mutton_wrap":1,"tfmg:raw_nickel":3,"minecraft:white_carpet":2,"minecraft:glass_pane":16,"minecraft:beef":13,"minecraft:iron_nugget":15,"minecraft:poppy":1,"minecraft:light_gray_wool":1,"minecraft:sugar_cane":5,"minecraft:chest":1,"minecraft:egg":1,"minecraft:raw_iron":125,"create:hand_crank":5,"minecraft:redstone":14,"minecraft:arrow":31,"minecraft:hay_block":18,"minecraft:glow_berries":4,"minecraft:mutton":14,"minecraft:skeleton_skull":3,"minecraft:white_wool":9,"minecraft:glow_ink_sac":5,"tfmg:raw_lithium":20,"minecraft:leather":15,"minecraft:oak_log":19,"minecraft:gunpowder":24,"minecraft:kelp":2,"minecraft:iron_ingot":33,"minecraft:glass_bottle":2,"minecraft:smooth_basalt":2,"tfmg:lignite":1,"minecraft:gravel":33,"minecraft:amethyst_shard":60,"minecraft:white_bed":6,"minecraft:spruce_log":8,"minecraft:spider_eye":3,"minecraft:iron_helmet":1,"minecraft:black_wool":1,"minecraft:coal":67,"minecraft:ender_pearl":3,"minecraft:sunflower":25},"minecraft:broken":{"minecraft:iron_chestplate":1,"minecraft:stone_pickaxe":5,"minecraft:stone_axe":1,"minecraft:bow":1,"minecraft:stone_sword":1,"minecraft:iron_axe":2,"minecraft:leather_boots":1,"minecraft:iron_helmet":1},"minecraft:killed_by":{"minecraft:zombie":2,"minecraft:player":26,"minecraft:enderman":1},"minecraft:dropped":{"minecraft:glass_bottle":2,"tfmg:galena":1,"minecraft:leather":2,"farmersdelight:mutton_wrap":2,"minecraft:flint":6,"minecraft:dirt":17,"minecraft:stone_button":3,"tfmg:lignite":1,"minecraft:snowball":16,"railways:red_conductor_cap":1,"minecraft:sunflower":25,"minecraft:sand":2,"minecraft:bone":2,"minecraft:gravel":14,"minecraft:cobbled_deepslate":8,"tfmg:raw_lithium":20,"minecraft:poppy":1,"supplementaries:flax_seeds":2,"supplementaries:ash":16,"minecraft:gunpowder":1,"minecraft:skeleton_skull":1,"minecraft:arrow":6,"minecraft:glass":22,"minecraft:wheat_seeds":25,"minecraft:feather":7,"minecraft:cobblestone":84,"minecraft:apple":4,"minecraft:granite":1,"minecraft:grass_block":3,"minecraft:coal":1,"minecraft:stick":2,"create:clipboard":1,"minecraft:diorite":4,"minecraft:rose_bush":5,"minecraft:string":1,"minecraft:redstone":3,"minecraft:smooth_basalt":1,"minecraft:kelp":2,"createbigcannons:cannon_carriage":2,"minecraft:coarse_dirt":2,"minecraft:tuff":1,"minecraft:white_carpet":1,"minecraft:light_gray_wool":1,"minecraft:clay_ball":4,"minecraft:glass_pane":32,"tfmg:raw_nickel":3,"minecraft:potato":6,"minecraft:hay_block":66,"minecraft:stone":1,"minecraft:allium":12,"minecraft:andesite":1,"tfmg:raw_lead":2,"minecraft:oak_sapling":2,"create:hand_crank":1,"minecraft:spider_eye":2,"minecraft:bow":2,"minecraft:wooden_pickaxe":3,"minecraft:calcite":2},"minecraft:killed":{"minecraft:spider":8,"minecraft:skeleton":27,"minecraft:bee":1,"minecraft:chicken":8,"minecraft:pig":10,"minecraft:iron_golem":3,"minecraft:creeper":10,"minecraft:sheep":10,"minecraft:zombie":44,"minecraft:glow_squid":1,"minecraft:cow":8,"minecraft:horse":6,"minecraft:enderman":1},"minecraft:custom":{"minecraft:interact_with_crafting_table":75,"minecraft:leave_game":10,"minecraft:time_since_death":14936,"minecraft:sprint_one_cm":681163,"minecraft:damage_blocked_by_shield":2888,"minecraft:drop":264,"minecraft:play_time":506960,"minecraft:deaths":42,"minecraft:jump":4491,"minecraft:walk_on_water_one_cm":108300,"minecraft:interact_with_furnace":98,"minecraft:sleep_in_bed":11,"minecraft:open_enderchest":5,"minecraft:damage_dealt":34063,"minecraft:player_kills":33,"minecraft:crouch_one_cm":13894,"minecraft:interact_with_smoker":3,"minecraft:mob_kills":137,"minecraft:interact_with_anvil":3,"minecraft:climb_one_cm":136,"minecraft:walk_one_cm":792194,"minecraft:damage_dealt_absorbed":80,"minecraft:sneak_time":6695,"minecraft:walk_under_water_one_cm":81009,"minecraft:total_world_time":506960,"minecraft:time_since_rest":15011,"minecraft:damage_taken":14092,"minecraft:swim_one_cm":117571,"minecraft:fly_one_cm":782885,"minecraft:open_chest":191,"minecraft:fall_one_cm":136143}},"DataVersion":3465}