{"stats":{"minecraft:mined":{"minecraft:spruce_planks":3,"minecraft:dark_oak_leaves":1,"minecraft:candle":11,"minecraft:glow_lichen":2,"minecraft:grass_block":3,"minecraft:spruce_leaves":8,"minecraft:chiseled_stone_bricks":1,"minecraft:hay_block":24,"minecraft:fire":2,"minecraft:barrel":3,"minecraft:bookshelf":6,"minecraft:water_cauldron":3,"minecraft:iron_bars":2,"minecraft:lantern":1,"minecraft:spruce_wood":4,"minecraft:stone":11,"minecraft:player_head":1,"minecraft:white_wool":11,"minecraft:note_block":2,"minecraft:clay":1,"minecraft:crafting_table":9,"minecraft:melon":12,"minecraft:campfire":1,"minecraft:tall_grass":1,"projectvibrantjourneys:fallen_leaves":1,"projectvibrantjourneys:red_sandstone_rocks":1,"minecraft:jukebox":2,"minecraft:spruce_log":16,"projectvibrantjourneys:short_grass":7,"minecraft:gravel":1,"minecraft:dirt":1,"minecraft:mossy_stone_bricks":1,"minecraft:fern":1},"minecraft:killed":{"soulslikeuniverse:hollowknight":1,"minecraft:evoker":2,"minecraft:vex":1,"minecraft:cave_spider":2,"recruits:recruit_shieldman":1,"irons_spellbooks:pyromancer":1,"minecraft:spider":11,"minecraft:vindicator":16,"soulslikeuniverse:monstersuccessor":1,"minecraft:skeleton":33,"soulslikeuniverse:thief":3,"soulslikeuniverse:hollowsoldier":2,"soulslikeuniverse:siegmeyer":4,"minecraft:chicken":3,"soulslikeuniverse:darkspirit":3,"soulslikeuniverse:fieldboss_elemer":1,"soulslikeuniverse:hollowsoldiersword":3,"soulslikeuniverse:monsterhollow":11,"minecraft:illusioner":5,"recruits:horseman":1,"soulslikeuniverse:shadowassassin":1,"soulslikeuniverse:havel":1,"minecraft:pig":9,"recruits:recruit":1,"soulslikeuniverse:twistedsouls":2,"minecraft:creeper":15,"soulslikeuniverse:madknight":2,"minecraft:sheep":2,"minecraft:pillager":7,"minecraft:zombie":59,"soulslikeuniverse:monstergodricksoldier":1,"soulslikeuniverse:badomengiant":1,"soulslikeuniverse:monsterblasphemyknight":1,"minecraft:enderman":3},"minecraft:used":{"minecraft:flint_and_steel":1,"minecraft:spruce_planks":24,"minecraft:player_head":1,"minecraft:rotten_flesh":87,"minecraft:dirt":1,"minecraft:mutton":3,"projectvibrantjourneys:bark_mushroom":1,"wom:stone_staff":97,"soulslikeuniverse:soldier_leggings":1,"soulslikeuniverse:legendarymace":939,"soulslikeuniverse:estusflask":67,"projectvibrantjourneys:red_sandstone_rocks":2,"minecraft:barrel":3,"minecraft:hay_block":1,"minecraft:furnace":1,"minecraft:egg":1,"minecraft:cooked_beef":2,"minecraft:pumpkin":2,"epicfight:skillbook":18,"minecraft:polished_andesite":2,"minecraft:stone_pickaxe":23,"minecraft:baked_potato":1,"minecraft:clay":1,"minecraft:leather_boots":1,"minecraft:white_wool":11,"minecraft:crafting_table":8,"minecraft:campfire":1,"minecraft:white_bed":1,"minecraft:spruce_log":1,"epicfight:stone_spear":1,"projectvibrantjourneys:pinecones":1,"minecraft:chicken":3,"minecraft:bread":60,"minecraft:gravel":1,"soulslikeuniverse:round_helmet":1,"minecraft:spruce_sapling":4,"minecraft:stone_axe":17,"minecraft:cobblestone":1,"minecraft:porkchop":9,"minecraft:cooked_porkchop":9,"soulslikeuniverse:dagger":120},"minecraft:custom":{"minecraft:mob_kills":220,"minecraft:interact_with_crafting_table":24,"minecraft:open_barrel":63,"minecraft:interact_with_campfire":2,"minecraft:damage_dealt_resisted":14,"minecraft:leave_game":2,"minecraft:time_since_death":25773,"minecraft:climb_one_cm":10636,"minecraft:damage_resisted":2095,"minecraft:sprint_one_cm":2340459,"minecraft:walk_one_cm":1941409,"minecraft:drop":91,"minecraft:play_noteblock":3,"minecraft:damage_dealt_absorbed":25025,"minecraft:play_time":291536,"minecraft:deaths":50,"minecraft:sneak_time":1549,"minecraft:walk_under_water_one_cm":10268,"minecraft:interact_with_lectern":1,"minecraft:jump":2767,"minecraft:walk_on_water_one_cm":81281,"minecraft:total_world_time":291536,"minecraft:interact_with_furnace":9,"minecraft:traded_with_villager":13,"minecraft:tune_noteblock":4,"minecraft:time_since_rest":25906,"minecraft:damage_taken":16513,"minecraft:damage_dealt":65270,"minecraft:fly_one_cm":1361019,"minecraft:swim_one_cm":39422,"minecraft:player_kills":15,"minecraft:open_chest":21,"minecraft:crouch_one_cm":7496,"minecraft:fall_one_cm":191063},"minecraft:killed_by":{"minecraft:evoker":1,"minecraft:player":6,"soulslikeuniverse:monstersuccessor":1,"soulslikeuniverse:monsterknight":1,"minecraft:creeper":1,"soulslikeuniverse:berserker":2,"soulslikeuniverse:fieldboss_mohg":9,"soulslikeuniverse:fieldboss_crucibleknight":2,"soulslikeuniverse:madknight":2,"soulslikeuniverse:fieldboss_countrobert":3,"soulslikeuniverse:monstergodricksoldier":3,"minecraft:vindicator":5,"recruits:bowman":1,"minecraft:skeleton":2,"minecraft:zombie":1,"soulslikeuniverse:havel":1,"soulslikeuniverse:twistedsouls":1,"soulslikeuniverse:fieldboss_elemer":2,"minecraft:vex":2,"minecraft:illusioner":1},"minecraft:dropped":{"minecraft:bread":12,"minecraft:candle":1,"minecraft:wheat_seeds":1,"minecraft:glass_bottle":1,"minecraft:feather":5,"minecraft:leather":1,"epicfight:stone_spear":1,"minecraft:grass_block":1,"projectvibrantjourneys:orange_bark_mushroom":2,"minecraft:coal":6,"minecraft:stick":6,"minecraft:polished_andesite":4,"minecraft:cyan_terracotta":2,"irons_spellbooks:scroll":1,"minecraft:dirt":11,"soulslikeuniverse:assassin_chestplate":1,"minecraft:wooden_axe":2,"minecraft:white_banner":1,"minecraft:green_carpet":2,"minecraft:iron_axe":4,"projectvibrantjourneys:mossy_rocks":1,"minecraft:purple_wool":2,"minecraft:paper":1,"projectvibrantjourneys:bark_mushroom":2,"minecraft:string":1,"minecraft:lily_pad":1,"minecraft:white_wool":1,"minecraft:spruce_sapling":11,"minecraft:bone":15,"minecraft:stone_axe":1,"irons_spellbooks:fire_rune":1,"minecraft:iron_nugget":3,"minecraft:player_head":3,"projectvibrantjourneys:twigs":2,"soulslikeuniverse:dagger":2,"minecraft:wheat":2,"soulslikeuniverse:soldier_chestplate":2,"minecraft:rotten_flesh":1,"minecraft:clay_ball":4,"philipsruins:broken_bone":6,"soulslikeuniverse:godricksoldier_helmet":1,"soulslikeuniverse:spellstone":1,"wom:stone_staff":3,"projectvibrantjourneys:light_brown_bark_mushroom":3,"minecraft:gunpowder":1,"minecraft:andesite":8,"minecraft:leather_boots":3,"minecraft:spruce_log":1,"minecraft:iron_bars":6,"minecraft:arrow":2,"soulslikeuniverse:legendarycruciblesword":1,"epicfight:skillbook":4,"minecraft:egg":8},"minecraft:crafted":{"soulslikeuniverse:soldier_helmet":2,"wom:stone_staff":1,"minecraft:furnace":1,"minecraft:melon_seeds":7,"minecraft:stone_pickaxe":1,"sophisticatedbackpacks:iron_backpack":1,"minecraft:wheat":100,"minecraft:emerald":24,"sophisticatedbackpacks:backpack":1,"minecraft:cooked_porkchop":7,"minecraft:crafting_table":2,"minecraft:spruce_planks":44,"irons_spellbooks:furled_map":1,"sophisticatedbackpacks:gold_backpack":1,"minecraft:campfire":4,"minecraft:stone_axe":1,"minecraft:bread":36,"minecraft:air":0,"minecraft:stick":24,"minecraft:gold_ingot":10,"minecraft:white_bed":1,"minecraft:clay":1},"minecraft:broken":{"soulslikeuniverse:round_helmet":1,"minecraft:iron_boots":1,"soulslikeuniverse:soldier_leggings":1,"soulslikeuniverse:ashenknight_chestplate":1,"minecraft:golden_leggings":1,"minecraft:leather_boots":1,"minecraft:iron_helmet":1,"epicfight:stone_spear":1},"minecraft:picked_up":{"minecraft:wooden_axe":2,"irons_spellbooks:scroll":7,"minecraft:charcoal":2,"minecraft:crafting_table":8,"minecraft:wheat":10,"minecraft:purple_wool":4,"minecraft:flower_pot":1,"minecraft:chicken":3,"minecraft:clay_ball":8,"soulslikeuniverse:blasphemyfragment":1,"wom:stone_staff":2,"minecraft:brewing_stand":1,"minecraft:music_disc_cat":1,"projectvibrantjourneys:mossy_rocks":2,"minecraft:string":25,"projectvibrantjourneys:red_sandstone_rocks":2,"minecraft:iron_axe":5,"minecraft:gold_nugget":1,"irons_spellbooks:arcane_essence":5,"minecraft:candle":38,"soulslikeuniverse:hollowsoul":22,"minecraft:spruce_planks":3,"soulslikeuniverse:round_helmet":1,"minecraft:player_head":5,"minecraft:iron_nugget":2,"minecraft:poppy":1,"minecraft:melon_slice":56,"minecraft:chest":1,"minecraft:phantom_membrane":1,"minecraft:iron_boots":1,"minecraft:egg":9,"minecraft:stick":3,"minecraft:jukebox":2,"soulslikeuniverse:spawnmagicwhitephantom":3,"projectvibrantjourneys:bark_mushroom":2,"minecraft:torch":1,"minecraft:note_block":2,"epicfight:skillbook":15,"minecraft:porkchop":21,"soulslikeuniverse:soldier_boots":1,"irons_spellbooks:fire_rune":1,"soulslikeuniverse:legendaryexecutionersword":1,"minecraft:cauldron":3,"wom:tormented_mind":1,"minecraft:diamond_chestplate":1,"minecraft:arrow":47,"soulslikeuniverse:assassin_chestplate":1,"minecraft:rotten_flesh":97,"soulslikeuniverse:estusflask":73,"minecraft:hay_block":20,"minecraft:cyan_terracotta":4,"minecraft:saddle":2,"minecraft:totem_of_undying":3,"soulslikeuniverse:repairstone":7,"minecraft:mutton":3,"minecraft:iron_bars":6,"minecraft:white_wool":15,"minecraft:cobblestone":17,"epicfight:stone_spear":2,"minecraft:feather":10,"minecraft:cooked_beef":2,"minecraft:andesite":8,"soulslikeuniverse:siegmeyershield":1,"minecraft:leather":10,"minecraft:golden_leggings":1,"minecraft:lily_pad":1,"projectvibrantjourneys:rocks":1,"minecraft:gunpowder":25,"minecraft:paper":1,"minecraft:dirt":30,"soulslikeuniverse:spellstone":3,"minecraft:lantern":1,"minecraft:white_banner":2,"soulslikeuniverse:legendarymace":1,"soulslikeuniverse:giantsoul":1,"irons_spellbooks:common_ink":1,"minecraft:leather_boots":4,"minecraft:bone":43,"minecraft:wheat_seeds":3,"minecraft:bow":2,"soulslikeuniverse:godricksoldier_helmet":2,"minecraft:spruce_wood":4,"minecraft:iron_ingot":1,"philipsruins:broken_bone":6,"minecraft:mossy_stone_bricks":1,"minecraft:glass_bottle":1,"wom:agony":1,"minecraft:book":18,"projectvibrantjourneys:light_brown_bark_mushroom":4,"minecraft:cooked_porkchop":2,"soulslikeuniverse:soldier_helmet":3,"soulslikeuniverse:legendary_moonlightsword":1,"minecraft:chiseled_stone_bricks":1,"irons_spellbooks:legendary_ink":1,"soulslikeuniverse:soldier_leggings":1,"minecraft:gravel":1,"soulslikeuniverse:briar_leggings":1,"minecraft:spruce_sapling":20,"soulslikeuniverse:legendarycruciblesword":1,"minecraft:grass_block":1,"minecraft:spruce_log":22,"minecraft:green_carpet":2,"minecraft:spider_eye":6,"minecraft:barrel":3,"minecraft:polished_andesite":6,"minecraft:stone_axe":1,"soulslikeuniverse:ashenknight_chestplate":1,"minecraft:iron_helmet":1,"soulslikeuniverse:soldier_chestplate":2,"soulslikeuniverse:dagger":1,"projectvibrantjourneys:orange_bark_mushroom":4,"minecraft:bread":12,"minecraft:emerald":12,"soulslikeuniverse:knightsoul":7,"irons_spellbooks:uncommon_ink":1,"minecraft:baked_potato":1,"projectvibrantjourneys:twigs":4,"minecraft:coal":6,"soulslikeuniverse:longsword":1,"projectvibrantjourneys:pinecones":1,"minecraft:ender_pearl":1}},"DataVersion":3465}