{"stats":{"minecraft:custom":{"minecraft:interact_with_crafting_table":104,"minecraft:leave_game":11,"minecraft:time_since_death":59284,"minecraft:sprint_one_cm":1190333,"minecraft:damage_blocked_by_shield":4450,"minecraft:drop":346,"minecraft:play_time":701769,"minecraft:deaths":53,"minecraft:jump":6835,"minecraft:walk_on_water_one_cm":143343,"minecraft:interact_with_furnace":108,"minecraft:sleep_in_bed":15,"minecraft:open_enderchest":5,"minecraft:damage_dealt":47172,"minecraft:player_kills":52,"minecraft:crouch_one_cm":17728,"minecraft:interact_with_smoker":25,"minecraft:mob_kills":209,"minecraft:interact_with_anvil":3,"minecraft:damage_dealt_resisted":240,"minecraft:climb_one_cm":720,"minecraft:walk_one_cm":1250742,"minecraft:damage_dealt_absorbed":160,"minecraft:sneak_time":10053,"minecraft:walk_under_water_one_cm":114154,"minecraft:total_world_time":701769,"minecraft:time_since_rest":27981,"minecraft:damage_taken":18860,"minecraft:swim_one_cm":243448,"minecraft:fly_one_cm":1191455,"minecraft:open_chest":270,"minecraft:fall_one_cm":198571},"minecraft:crafted":{"minecraft:oak_planks":64,"minecraft:cooked_chicken":5,"minecraft:stone":3,"securitycraft:keypad_item":1,"minecraft:heavy_weighted_pressure_plate":1,"minecraft:cooked_mutton":4,"minecraft:iron_bars":16,"minecraft:glass":16,"create:mechanical_press":2,"minecraft:chest":4,"create:cogwheel":3,"create:depot":3,"create:rose_quartz":1,"sophisticatedbackpacks:backpack":1,"minecraft:cooked_porkchop":24,"minecraft:crafting_table":1,"minecraft:spruce_planks":20,"create:mechanical_saw":1,"minecraft:wooden_pickaxe":1,"minecraft:birch_planks":16,"create:mechanical_mixer":1,"create:encased_fan":2,"minecraft:paper":3,"create:water_wheel":2,"minecraft:shield":1,"minecraft:stick":44,"minecraft:iron_ingot":151,"minecraft:iron_pickaxe":2,"minecraft:iron_block":2,"minecraft:stone_sword":1,"minecraft:gold_ingot":17,"create:clipboard":3,"securitycraft:whitelist_module":1,"create:propeller":2,"create:empty_blaze_burner":4,"create:wrench":1,"minecraft:iron_nugget":99,"minecraft:furnace":3,"minecraft:stone_button":3,"minecraft:glass_pane":16,"minecraft:flint_and_steel":1,"minecraft:iron_axe":4,"minecraft:stone_pickaxe":12,"create:basin":1,"sophisticatedbackpacks:iron_backpack":1,"minecraft:cooked_beef":30,"minecraft:coal_block":7,"create:andesite_alloy":45,"create:hand_crank":2,"securitycraft:universal_block_modifier":1,"create:goggles":1,"minecraft:bucket":2,"minecraft:stone_axe":1,"minecraft:air":0,"create:whisk":1,"minecraft:iron_shovel":1,"minecraft:white_bed":1,"create:shaft":16,"minecraft:andesite":258,"minecraft:torch":12},"minecraft:mined":{"minecraft:large_amethyst_bud":10,"minecraft:spruce_planks":2,"minecraft:white_bed":4,"minecraft:oak_sapling":4,"create:andesite_casing":2,"minecraft:cave_vines_plant":4,"minecraft:granite":9,"minecraft:grass_block":33,"sophisticatedbackpacks:iron_backpack":1,"minecraft:nether_wart":36,"minecraft:tall_seagrass":1,"minecraft:weeping_vines_plant":2,"minecraft:glowstone":9,"minecraft:iron_ore":92,"minecraft:fire":69,"minecraft:deepslate_lapis_ore":8,"minecraft:nether_brick_stairs":5,"minecraft:cave_vines":6,"create:mechanical_press":1,"minecraft:deepslate_redstone_ore":3,"minecraft:kelp_plant":2,"minecraft:smoker":3,"minecraft:crimson_nylium":4,"minecraft:medium_amethyst_bud":3,"minecraft:amethyst_cluster":15,"minecraft:clay":1,"minecraft:calcite":2,"minecraft:chest":1,"tfmg:lead_ore":10,"minecraft:nether_quartz_ore":116,"minecraft:cobblestone":31,"minecraft:sugar_cane":7,"minecraft:iron_door":2,"minecraft:wall_torch":3,"minecraft:amethyst_block":4,"minecraft:birch_sapling":2,"minecraft:skeleton_skull":1,"minecraft:nether_wart_block":4,"minecraft:birch_log":9,"minecraft:grass":104,"minecraft:oak_log":23,"minecraft:sand":20,"minecraft:dirt":29,"minecraft:smooth_basalt":3,"tfmg:deepslate_lithium_ore":10,"minecraft:netherrack":147,"minecraft:oak_leaves":55,"minecraft:deepslate":16,"create:zinc_ore":15,"minecraft:nether_gold_ore":22,"minecraft:tuff":13,"minecraft:deepslate_diamond_ore":1,"minecraft:nether_bricks":116,"minecraft:allium":1,"minecraft:spruce_leaves":2,"farmersdelight:wild_onions":6,"minecraft:furnace":10,"minecraft:andesite":20,"minecraft:stripped_spruce_log":1,"supplementaries:gunpowder":6,"minecraft:nether_brick_fence":3,"minecraft:deepslate_iron_ore":24,"minecraft:stone":572,"minecraft:white_wool":1,"tfmg:deepslate_lead_ore":2,"minecraft:soul_sand":40,"minecraft:crafting_table":17,"minecraft:rose_bush":2,"minecraft:tall_grass":9,"minecraft:copper_ore":46,"minecraft:lapis_ore":13,"minecraft:deepslate_gold_ore":5,"minecraft:diorite":150,"supplementaries:urn":16,"minecraft:spruce_stairs":1,"create:mechanical_saw":1,"tfmg:galena":1,"minecraft:sweet_berry_bush":11,"minecraft:spruce_log":8,"minecraft:birch_leaves":3,"minecraft:bee_nest":2,"minecraft:coal_ore":66,"tfmg:deepslate_nickel_ore":3,"minecraft:sunflower":10,"minecraft:gravel":41,"minecraft:cobweb":66,"minecraft:gold_ore":3},"minecraft:broken":{"minecraft:iron_chestplate":1,"minecraft:stone_pickaxe":10,"minecraft:stone_axe":1,"minecraft:bow":1,"minecraft:stone_sword":1,"minecraft:shield":1,"minecraft:iron_axe":3,"minecraft:leather_boots":1,"minecraft:iron_pickaxe":1,"minecraft:iron_helmet":1},"minecraft:used":{"minecraft:iron_shovel":77,"minecraft:chest":4,"minecraft:shield":164,"minecraft:stone":2,"minecraft:nether_wart":41,"minecraft:rotten_flesh":32,"create:analog_lever":1,"minecraft:iron_chestplate":1,"minecraft:soul_sand":40,"minecraft:mutton":6,"securitycraft:keypad_item":1,"create:cogwheel":5,"vs_eureka:pink_balloon":5,"minecraft:nether_bricks":27,"create:depot":4,"minecraft:tuff":12,"trackwork:large_suspension_track":36,"minecraft:stripped_spruce_log":1,"minecraft:lava_bucket":1,"minecraft:grass_block":30,"minecraft:birch_sapling":39,"minecraft:iron_helmet":1,"vs_eureka:oak_ship_helm":5,"minecraft:bow":6,"create:shaft":11,"minecraft:oak_sapling":144,"minecraft:furnace":13,"create:industrial_iron_block":147,"minecraft:skeleton_skull":2,"minecraft:egg":1,"minecraft:potato":1,"minecraft:diorite":24,"minecraft:oak_planks":26,"minecraft:stone_pickaxe":1335,"minecraft:wooden_pickaxe":20,"create:mechanical_saw":62,"minecraft:glow_berries":5,"minecraft:white_wool":3,"minecraft:sand":2,"railways:red_conductor_cap":2,"minecraft:redstone_torch":3,"minecraft:iron_door":1,"minecraft:gravel":19,"minecraft:nether_wart_block":3,"create:basin":1,"minecraft:andesite":48,"trackwork:large_phys_track":12,"minecraft:birch_log":8,"create:vertical_gearbox":3,"securitycraft:whitelist_module":4,"create:clipboard":10,"minecraft:netherite_sword":37,"supplementaries:cog_block":2,"sophisticatedbackpacks:iron_backpack":3,"minecraft:iron_bars":12,"minecraft:stone_sword":66,"minecraft:flint_and_steel":24,"minecraft:redstone":4,"valkyrienskies:test_hinge":1,"minecraft:ender_chest":3,"minecraft:cooked_chicken":5,"minecraft:netherrack":111,"minecraft:stick":1,"minecraft:torch":19,"minecraft:dirt":65,"minecraft:anvil":3,"trackwork:track_level_controller":4,"create:mechanical_mixer":1,"minecraft:white_carpet":10,"trackwork:phys_track":5,"minecraft:granite":4,"minecraft:nether_brick_stairs":1,"create:wrench":256,"minecraft:iron_axe":504,"securitycraft:universal_block_modifier":4,"minecraft:smooth_basalt":1,"minecraft:gunpowder":87,"vs_clockwork:redstone_resistor":2,"minecraft:beef":6,"vs_eureka:dark_oak_ship_helm":3,"securitycraft:dirt_mine":9,"minecraft:cooked_beef":21,"minecraft:cobbled_deepslate":55,"minecraft:calcite":1,"minecraft:cooked_mutton":4,"minecraft:water_bucket":102,"minecraft:birch_planks":1,"create:empty_blaze_burner":1,"trackwork:med_suspension_track":33,"tfmg:large_aluminum_cogwheel":4,"minecraft:iron_golem_spawn_egg":3,"supplementaries:sconce_lever":6,"tfmg:lithium_torch":1,"create:blaze_burner":1,"create:encased_fan":2,"minecraft:crafting_table":14,"minecraft:white_bed":8,"minecraft:spruce_log":3,"create:mechanical_press":5,"minecraft:chicken":3,"minecraft:suspicious_stew":1,"minecraft:iron_pickaxe":282,"create:water_wheel":2,"minecraft:stone_axe":76,"vs_eureka:balloon":12,"minecraft:cobblestone":131,"minecraft:cooked_porkchop":23,"minecraft:bucket":104,"create:hand_crank":91,"trackwork:med_phys_track":15},"minecraft:killed":{"minecraft:spider":9,"minecraft:skeleton":30,"minecraft:bee":2,"minecraft:chicken":15,"minecraft:piglin":2,"minecraft:pig":32,"minecraft:iron_golem":3,"minecraft:creeper":10,"minecraft:sheep":10,"minecraft:zombie":48,"minecraft:glow_squid":1,"minecraft:cow":14,"minecraft:blaze":16,"minecraft:horse":6,"minecraft:hoglin":1,"minecraft:wither_skeleton":5,"minecraft:enderman":1},"minecraft:picked_up":{"minecraft:iron_chestplate":1,"minecraft:nether_brick_fence":3,"minecraft:amethyst_block":4,"minecraft:string":75,"minecraft:raw_copper":173,"create:mechanical_press":2,"minecraft:gold_nugget":113,"minecraft:cobbled_deepslate":24,"minecraft:spruce_planks":1,"minecraft:rose_bush":5,"minecraft:calcite":3,"minecraft:furnace":10,"minecraft:stick":121,"minecraft:torch":29,"create:andesite_casing":2,"minecraft:porkchop":71,"minecraft:diorite":157,"minecraft:rotten_flesh":40,"create:clipboard":1,"farmersdelight:onion":6,"createbigcannons:cannon_carriage":2,"supplementaries:ash":42,"minecraft:blaze_rod":9,"minecraft:snowball":28,"minecraft:cobblestone":649,"minecraft:birch_log":77,"minecraft:feather":15,"minecraft:cooked_beef":8,"minecraft:iron_door":2,"minecraft:water_bucket":1,"minecraft:andesite":36,"minecraft:smoker":4,"minecraft:potato":3,"minecraft:flint":7,"minecraft:tuff":13,"create:raw_zinc":15,"supplementaries:flax_seeds":5,"tfmg:raw_lead":12,"minecraft:lapis_lazuli":145,"minecraft:dirt":95,"securitycraft:reinforced_stone_button":8,"minecraft:glass":14,"minecraft:bone":45,"minecraft:bow":4,"minecraft:wheat_seeds":28,"minecraft:raw_gold":8,"tfmg:galena":1,"minecraft:glowstone_dust":26,"minecraft:sand":20,"minecraft:stripped_spruce_log":1,"minecraft:nether_brick_stairs":7,"sophisticatedbackpacks:iron_backpack":1,"minecraft:grass_block":2,"minecraft:diamond":1,"minecraft:granite":6,"minecraft:emerald":1,"minecraft:oak_sapling":145,"minecraft:light_gray_carpet":1,"minecraft:netherrack":179,"minecraft:crimson_roots":2,"minecraft:coarse_dirt":2,"minecraft:crafting_table":17,"minecraft:allium":12,"minecraft:clay_ball":4,"minecraft:chicken":15,"minecraft:nether_wart":43,"minecraft:wooden_pickaxe":2,"farmersdelight:mutton_wrap":1,"minecraft:shield":1,"tfmg:raw_nickel":3,"minecraft:white_carpet":2,"minecraft:glass_pane":16,"minecraft:beef":25,"minecraft:iron_nugget":15,"minecraft:poppy":1,"minecraft:light_gray_wool":1,"minecraft:birch_sapling":39,"minecraft:sugar_cane":19,"minecraft:chest":1,"minecraft:egg":2,"minecraft:raw_iron":135,"sophisticatedbackpacks:backpack":1,"create:hand_crank":16,"minecraft:redstone":14,"create:zinc_ingot":8,"minecraft:weeping_vines":8,"minecraft:arrow":34,"minecraft:nether_bricks":115,"minecraft:hay_block":18,"create:depot":1,"minecraft:glow_berries":4,"minecraft:mutton":14,"minecraft:skeleton_skull":3,"minecraft:white_wool":9,"create:iron_sheet":4,"minecraft:glow_ink_sac":5,"tfmg:raw_lithium":20,"minecraft:leather":23,"minecraft:oak_log":307,"minecraft:golden_boots":1,"minecraft:nether_wart_block":4,"minecraft:gunpowder":24,"minecraft:apple":20,"minecraft:kelp":3,"minecraft:iron_ingot":33,"minecraft:glass_bottle":2,"minecraft:soul_sand":40,"create:mechanical_saw":2,"minecraft:smooth_basalt":3,"minecraft:sweet_berries":28,"minecraft:quartz":116,"tfmg:lignite":1,"minecraft:gravel":33,"minecraft:amethyst_shard":60,"minecraft:white_bed":7,"minecraft:spruce_log":8,"minecraft:spider_eye":3,"minecraft:iron_helmet":1,"minecraft:black_wool":1,"minecraft:coal":68,"minecraft:sunflower":25,"minecraft:ender_pearl":3},"minecraft:killed_by":{"minecraft:blaze":1,"minecraft:zombie":2,"minecraft:player":32,"minecraft:enderman":1},"minecraft:dropped":{"minecraft:nether_brick_stairs":6,"minecraft:moss_block":4,"minecraft:cooked_beef":23,"minecraft:glass_bottle":2,"tfmg:galena":1,"minecraft:cooked_porkchop":1,"minecraft:weeping_vines":8,"minecraft:leather":2,"farmersdelight:mutton_wrap":2,"minecraft:flint":6,"minecraft:dirt":17,"minecraft:stone_button":3,"tfmg:lignite":1,"minecraft:crimson_roots":2,"minecraft:snowball":16,"railways:red_conductor_cap":1,"minecraft:sunflower":25,"minecraft:sand":2,"minecraft:birch_log":1,"minecraft:bone":2,"minecraft:gravel":14,"minecraft:cobbled_deepslate":8,"tfmg:raw_lithium":20,"minecraft:nether_brick_fence":3,"minecraft:poppy":1,"supplementaries:flax_seeds":2,"supplementaries:ash":22,"minecraft:gunpowder":1,"minecraft:skeleton_skull":1,"minecraft:arrow":6,"minecraft:glass":22,"minecraft:iron_ingot":9,"minecraft:wheat_seeds":26,"minecraft:feather":7,"minecraft:cobblestone":84,"minecraft:apple":4,"minecraft:granite":2,"minecraft:copper_ingot":12,"minecraft:grass_block":3,"minecraft:coal":15,"minecraft:coal_block":9,"minecraft:stick":2,"create:clipboard":1,"minecraft:diorite":4,"minecraft:nether_wart_block":1,"minecraft:rose_bush":5,"minecraft:iron_door":1,"minecraft:string":1,"minecraft:redstone":3,"minecraft:smooth_basalt":2,"minecraft:kelp":3,"createbigcannons:cannon_carriage":2,"minecraft:coarse_dirt":2,"minecraft:bowl":1,"minecraft:tuff":1,"minecraft:white_carpet":1,"minecraft:light_gray_wool":1,"minecraft:clay_ball":4,"minecraft:smoker":4,"minecraft:nether_bricks":5,"minecraft:glass_pane":32,"tfmg:raw_nickel":3,"minecraft:potato":6,"minecraft:hay_block":66,"minecraft:stone":1,"minecraft:allium":12,"minecraft:spruce_planks":1,"create:zinc_ingot":20,"minecraft:andesite":3,"tfmg:raw_lead":2,"minecraft:oak_sapling":2,"create:hand_crank":1,"minecraft:spider_eye":2,"minecraft:bow":2,"minecraft:wooden_pickaxe":3,"minecraft:calcite":2}},"DataVersion":3465}