{"stats":{"minecraft:used":{"minecraft:white_wool":9,"epicfight:skillbook":1,"minecraft:mutton":3,"minecraft:chicken":3,"soulslikeuniverse:dagger":5,"projectvibrantjourneys:red_sandstone_rocks":2},"minecraft:mined":{"minecraft:bookshelf":6,"minecraft:candle":4,"minecraft:tall_grass":1,"minecraft:fire":2,"minecraft:white_wool":9,"projectvibrantjourneys:red_sandstone_rocks":1},"minecraft:custom":{"minecraft:open_barrel":8,"minecraft:open_chest":3,"minecraft:time_since_rest":16246,"minecraft:crouch_one_cm":3,"minecraft:sprint_one_cm":107216,"minecraft:play_time":16246,"minecraft:damage_taken":40,"minecraft:walk_one_cm":131234,"minecraft:sneak_time":56,"minecraft:walk_under_water_one_cm":1078,"minecraft:mob_kills":5,"minecraft:interact_with_lectern":1,"minecraft:jump":134,"minecraft:damage_dealt":310,"minecraft:leave_game":1,"minecraft:time_since_death":16246,"minecraft:walk_on_water_one_cm":3441,"minecraft:total_world_time":16246,"minecraft:swim_one_cm":8773,"minecraft:damage_dealt_absorbed":10,"minecraft:fly_one_cm":58065,"minecraft:fall_one_cm":3081},"minecraft:picked_up":{"minecraft:feather":5,"minecraft:chicken":3,"minecraft:candle":11,"minecraft:book":18,"projectvibrantjourneys:twigs":1,"minecraft:mutton":3,"minecraft:white_wool":11,"minecraft:egg":2,"projectvibrantjourneys:red_sandstone_rocks":2},"minecraft:killed":{"minecraft:sheep":2,"minecraft:chicken":3}},"DataVersion":3465}