{"stats":{"minecraft:custom":{"minecraft:interact_with_anvil":3,"minecraft:mob_kills":137,"minecraft:interact_with_crafting_table":58,"minecraft:climb_one_cm":136,"minecraft:leave_game":9,"minecraft:time_since_death":2039,"minecraft:sprint_one_cm":656911,"minecraft:walk_one_cm":717106,"minecraft:damage_blocked_by_shield":2641,"minecraft:drop":244,"minecraft:damage_dealt_absorbed":80,"minecraft:play_time":467852,"minecraft:sneak_time":6618,"minecraft:deaths":27,"minecraft:walk_under_water_one_cm":79990,"minecraft:jump":4180,"minecraft:walk_on_water_one_cm":108043,"minecraft:total_world_time":467852,"minecraft:interact_with_furnace":79,"minecraft:sleep_in_bed":11,"minecraft:time_since_rest":517,"minecraft:open_enderchest":5,"minecraft:damage_taken":9748,"minecraft:damage_dealt":30097,"minecraft:player_kills":13,"minecraft:swim_one_cm":117571,"minecraft:fly_one_cm":767701,"minecraft:open_chest":115,"minecraft:crouch_one_cm":13893,"minecraft:fall_one_cm":131721},"minecraft:crafted":{"minecraft:oak_planks":36,"create:wrench":1,"minecraft:iron_nugget":99,"minecraft:cooked_chicken":5,"minecraft:furnace":3,"minecraft:glass_pane":16,"minecraft:cooked_mutton":4,"minecraft:glass":16,"create:mechanical_press":1,"minecraft:iron_axe":2,"minecraft:stone_pickaxe":5,"minecraft:chest":3,"create:cogwheel":1,"sophisticatedbackpacks:iron_backpack":1,"minecraft:cooked_beef":7,"create:depot":1,"create:andesite_alloy":45,"create:hand_crank":2,"sophisticatedbackpacks:backpack":1,"minecraft:cooked_porkchop":23,"minecraft:crafting_table":1,"create:mechanical_saw":1,"minecraft:spruce_planks":20,"minecraft:wooden_pickaxe":1,"create:goggles":1,"minecraft:bucket":2,"minecraft:birch_planks":4,"minecraft:stone_axe":1,"minecraft:air":0,"minecraft:paper":3,"minecraft:stick":28,"minecraft:iron_ingot":129,"minecraft:iron_pickaxe":2,"minecraft:stone_sword":1,"create:clipboard":3,"minecraft:iron_block":1,"minecraft:gold_ingot":5,"minecraft:iron_shovel":1,"minecraft:white_bed":1,"minecraft:andesite":156,"create:shaft":8,"minecraft:torch":12},"minecraft:mined":{"minecraft:large_amethyst_bud":10,"minecraft:tuff":13,"minecraft:white_bed":2,"minecraft:deepslate_diamond_ore":1,"create:andesite_casing":2,"minecraft:granite":7,"minecraft:cave_vines_plant":4,"minecraft:allium":1,"minecraft:grass_block":29,"sophisticatedbackpacks:iron_backpack":1,"minecraft:spruce_leaves":2,"farmersdelight:wild_onions":6,"minecraft:furnace":10,"minecraft:iron_ore":82,"minecraft:fire":15,"minecraft:andesite":8,"minecraft:stripped_spruce_log":1,"minecraft:deepslate_lapis_ore":8,"minecraft:cave_vines":6,"minecraft:deepslate_iron_ore":24,"minecraft:stone":219,"create:mechanical_press":1,"minecraft:white_wool":1,"tfmg:deepslate_lead_ore":2,"minecraft:deepslate_redstone_ore":3,"minecraft:medium_amethyst_bud":3,"minecraft:amethyst_cluster":15,"minecraft:clay":1,"minecraft:crafting_table":15,"minecraft:calcite":2,"minecraft:chest":1,"minecraft:rose_bush":2,"tfmg:lead_ore":10,"minecraft:tall_grass":8,"minecraft:copper_ore":19,"minecraft:cobblestone":7,"minecraft:lapis_ore":13,"minecraft:deepslate_gold_ore":5,"minecraft:sugar_cane":2,"minecraft:diorite":97,"minecraft:amethyst_block":4,"minecraft:skeleton_skull":1,"supplementaries:urn":16,"tfmg:galena":1,"minecraft:birch_log":6,"minecraft:spruce_log":8,"minecraft:bee_nest":2,"minecraft:grass":91,"minecraft:oak_log":19,"minecraft:coal_ore":66,"minecraft:sand":20,"tfmg:deepslate_nickel_ore":3,"minecraft:sunflower":10,"minecraft:gravel":31,"minecraft:dirt":21,"minecraft:cobweb":66,"minecraft:smooth_basalt":2,"tfmg:deepslate_lithium_ore":10,"minecraft:gold_ore":3,"minecraft:oak_leaves":27,"minecraft:deepslate":16},"minecraft:broken":{"minecraft:stone_sword":1,"minecraft:stone_pickaxe":4,"minecraft:iron_axe":1,"minecraft:leather_boots":1,"minecraft:stone_axe":1},"minecraft:used":{"create:clipboard":6,"supplementaries:cog_block":2,"minecraft:netherite_sword":37,"minecraft:stone_sword":66,"sophisticatedbackpacks:iron_backpack":3,"minecraft:iron_shovel":27,"minecraft:redstone":4,"valkyrienskies:test_hinge":1,"minecraft:chest":3,"minecraft:shield":108,"minecraft:ender_chest":3,"minecraft:stone":2,"minecraft:rotten_flesh":23,"create:analog_lever":1,"minecraft:iron_chestplate":1,"minecraft:torch":15,"minecraft:stick":1,"minecraft:dirt":63,"minecraft:mutton":6,"minecraft:anvil":3,"trackwork:track_level_controller":4,"minecraft:white_carpet":10,"trackwork:phys_track":5,"vs_eureka:pink_balloon":5,"create:depot":1,"minecraft:tuff":12,"minecraft:granite":4,"trackwork:large_suspension_track":36,"minecraft:stripped_spruce_log":1,"create:wrench":3,"minecraft:iron_axe":249,"minecraft:grass_block":30,"minecraft:iron_helmet":1,"vs_eureka:oak_ship_helm":5,"vs_clockwork:redstone_resistor":2,"minecraft:beef":6,"create:shaft":11,"vs_eureka:dark_oak_ship_helm":3,"securitycraft:dirt_mine":9,"minecraft:furnace":13,"create:industrial_iron_block":147,"minecraft:skeleton_skull":2,"minecraft:egg":1,"minecraft:cooked_beef":7,"minecraft:cobbled_deepslate":55,"minecraft:water_bucket":48,"minecraft:diorite":22,"minecraft:birch_planks":1,"minecraft:oak_planks":26,"minecraft:stone_pickaxe":635,"trackwork:med_suspension_track":33,"tfmg:large_aluminum_cogwheel":4,"minecraft:iron_golem_spawn_egg":3,"minecraft:wooden_pickaxe":20,"supplementaries:sconce_lever":6,"tfmg:lithium_torch":1,"minecraft:white_wool":3,"minecraft:glow_berries":5,"minecraft:crafting_table":14,"minecraft:white_bed":6,"railways:red_conductor_cap":1,"minecraft:spruce_log":3,"minecraft:redstone_torch":3,"create:mechanical_press":2,"minecraft:chicken":1,"minecraft:iron_pickaxe":33,"minecraft:gravel":10,"minecraft:stone_axe":76,"vs_eureka:balloon":12,"minecraft:cobblestone":89,"minecraft:bucket":50,"minecraft:cooked_porkchop":14,"trackwork:large_phys_track":12,"minecraft:andesite":37,"minecraft:birch_log":1,"create:hand_crank":23,"create:vertical_gearbox":3,"trackwork:med_phys_track":15},"minecraft:killed":{"minecraft:spider":8,"minecraft:skeleton":27,"minecraft:horse":6,"minecraft:bee":1,"minecraft:chicken":8,"minecraft:pig":10,"minecraft:iron_golem":3,"minecraft:creeper":10,"minecraft:sheep":10,"minecraft:zombie":44,"minecraft:glow_squid":1,"minecraft:enderman":1,"minecraft:cow":8},"minecraft:picked_up":{"minecraft:crafting_table":16,"minecraft:iron_chestplate":1,"minecraft:coarse_dirt":2,"minecraft:allium":12,"minecraft:clay_ball":4,"minecraft:chicken":8,"minecraft:wooden_pickaxe":2,"farmersdelight:mutton_wrap":1,"minecraft:shield":1,"minecraft:amethyst_block":4,"tfmg:raw_nickel":3,"minecraft:string":75,"minecraft:raw_copper":69,"minecraft:white_carpet":2,"create:mechanical_press":1,"minecraft:gold_nugget":30,"minecraft:cobbled_deepslate":24,"minecraft:beef":13,"minecraft:rose_bush":5,"minecraft:calcite":2,"minecraft:iron_nugget":15,"minecraft:poppy":1,"minecraft:light_gray_wool":1,"minecraft:sugar_cane":5,"minecraft:chest":1,"minecraft:furnace":10,"minecraft:egg":1,"minecraft:stick":5,"minecraft:raw_iron":107,"minecraft:torch":24,"create:andesite_casing":2,"minecraft:porkchop":23,"create:hand_crank":5,"minecraft:diorite":100,"minecraft:redstone":14,"minecraft:arrow":31,"minecraft:rotten_flesh":35,"create:clipboard":1,"farmersdelight:onion":6,"minecraft:hay_block":18,"createbigcannons:cannon_carriage":2,"minecraft:glow_berries":4,"supplementaries:ash":35,"minecraft:mutton":14,"minecraft:snowball":28,"minecraft:skeleton_skull":3,"minecraft:white_wool":9,"minecraft:cobblestone":229,"minecraft:birch_log":6,"minecraft:feather":7,"minecraft:cooked_beef":8,"minecraft:glow_ink_sac":5,"tfmg:raw_lithium":20,"minecraft:andesite":17,"minecraft:leather":15,"minecraft:potato":1,"minecraft:flint":6,"minecraft:tuff":13,"minecraft:oak_log":19,"supplementaries:flax_seeds":5,"minecraft:gunpowder":7,"minecraft:lapis_lazuli":145,"tfmg:raw_lead":12,"minecraft:dirt":81,"minecraft:glass":14,"minecraft:bone":39,"minecraft:kelp":2,"minecraft:bow":2,"minecraft:wheat_seeds":27,"minecraft:raw_gold":8,"minecraft:iron_ingot":9,"tfmg:galena":1,"minecraft:glass_bottle":2,"minecraft:smooth_basalt":2,"tfmg:lignite":1,"minecraft:gravel":26,"minecraft:sand":20,"minecraft:amethyst_shard":60,"minecraft:stripped_spruce_log":1,"sophisticatedbackpacks:iron_backpack":1,"minecraft:grass_block":2,"minecraft:white_bed":5,"minecraft:spruce_log":8,"minecraft:spider_eye":3,"minecraft:diamond":1,"minecraft:granite":5,"minecraft:iron_helmet":1,"minecraft:oak_sapling":1,"minecraft:light_gray_carpet":1,"minecraft:black_wool":1,"minecraft:coal":67,"minecraft:sunflower":25,"minecraft:ender_pearl":3},"minecraft:killed_by":{"minecraft:player":12,"minecraft:enderman":1,"minecraft:zombie":2},"minecraft:dropped":{"minecraft:wheat_seeds":25,"minecraft:glass_bottle":2,"tfmg:galena":1,"minecraft:feather":7,"minecraft:leather":2,"minecraft:apple":4,"minecraft:granite":1,"farmersdelight:mutton_wrap":2,"minecraft:grass_block":3,"minecraft:coal":1,"minecraft:stick":1,"minecraft:flint":6,"minecraft:dirt":17,"create:clipboard":1,"tfmg:lignite":1,"minecraft:rose_bush":5,"minecraft:snowball":16,"railways:red_conductor_cap":1,"minecraft:sunflower":25,"minecraft:string":1,"minecraft:redstone":3,"minecraft:smooth_basalt":1,"minecraft:bone":2,"minecraft:gravel":14,"minecraft:kelp":2,"createbigcannons:cannon_carriage":2,"minecraft:coarse_dirt":2,"minecraft:cobbled_deepslate":8,"minecraft:tuff":1,"minecraft:white_carpet":1,"minecraft:clay_ball":4,"minecraft:light_gray_wool":1,"tfmg:raw_lithium":20,"minecraft:glass_pane":16,"tfmg:raw_nickel":3,"minecraft:poppy":1,"supplementaries:ash":16,"supplementaries:flax_seeds":2,"minecraft:potato":6,"minecraft:hay_block":66,"minecraft:stone":1,"minecraft:gunpowder":1,"minecraft:allium":12,"minecraft:skeleton_skull":1,"tfmg:raw_lead":2,"minecraft:oak_sapling":2,"create:hand_crank":1,"minecraft:spider_eye":2,"minecraft:glass":14,"minecraft:bow":1,"minecraft:arrow":6,"minecraft:wooden_pickaxe":3}},"DataVersion":3465}