{"stats":{"minecraft:custom":{"minecraft:interact_with_furnace":70,"minecraft:mob_kills":64,"minecraft:interact_with_crafting_table":34,"minecraft:time_since_death":11066,"minecraft:sleep_in_bed":4,"minecraft:time_since_rest":10776,"minecraft:sprint_one_cm":152883,"minecraft:damage_taken":1810,"minecraft:walk_one_cm":54586,"minecraft:damage_blocked_by_shield":305,"minecraft:drop":10,"minecraft:damage_dealt":8284,"minecraft:swim_one_cm":172687,"minecraft:talked_to_villager":2,"minecraft:fly_one_cm":404944,"minecraft:crouch_one_cm":5193,"minecraft:play_time":64219,"minecraft:sneak_time":5107,"minecraft:deaths":2,"minecraft:walk_under_water_one_cm":29941,"minecraft:jump":1807,"minecraft:walk_on_water_one_cm":22425,"minecraft:total_world_time":64219,"minecraft:fall_one_cm":62610},"minecraft:crafted":{"minecraft:oak_door":3,"minecraft:cooked_cod":4,"minecraft:oak_planks":76,"sophisticatedbackpacks:backpack":1,"minecraft:cooked_porkchop":9,"minecraft:crafting_table":1,"minecraft:wooden_pickaxe":1,"minecraft:furnace":2,"minecraft:bucket":1,"minecraft:stone_axe":1,"minecraft:air":0,"minecraft:cooked_mutton":9,"minecraft:iron_chestplate":1,"minecraft:shield":1,"minecraft:stick":12,"minecraft:iron_ingot":24,"minecraft:iron_pickaxe":1,"minecraft:stone_pickaxe":1,"minecraft:stone_sword":1,"minecraft:chest":1,"minecraft:white_bed":1,"minecraft:torch":4,"sophisticatedbackpacks:iron_backpack":1},"minecraft:picked_up":{"minecraft:crafting_table":6,"minecraft:feather":10,"minecraft:chicken":6,"minecraft:andesite":6,"minecraft:leather":7,"minecraft:lead":2,"minecraft:oak_log":19,"minecraft:gunpowder":3,"minecraft:dirt":46,"minecraft:string":6,"create:limestone":2,"minecraft:bone":6,"minecraft:kelp":2,"minecraft:cobbled_deepslate":3,"minecraft:beef":9,"minecraft:sugar_cane":6,"minecraft:furnace":3,"minecraft:egg":6,"minecraft:raw_iron":125,"minecraft:smooth_basalt":2,"minecraft:oak_door":18,"minecraft:torch":2,"minecraft:dripstone_block":1,"minecraft:porkchop":9,"minecraft:diorite":1,"minecraft:white_bed":2,"minecraft:arrow":4,"minecraft:rotten_flesh":9,"minecraft:stone_axe":1,"minecraft:gray_wool":1,"minecraft:oak_sapling":3,"minecraft:black_wool":1,"minecraft:mutton":24,"minecraft:cod":7,"minecraft:coal":32,"minecraft:white_wool":6,"minecraft:cobblestone":38},"minecraft:used":{"minecraft:cooked_mutton":9,"minecraft:water_bucket":6,"create:limestone":2,"minecraft:stone_sword":102,"minecraft:stone_pickaxe":92,"minecraft:wooden_pickaxe":3,"minecraft:shield":4,"minecraft:iron_chestplate":1,"minecraft:oak_door":19,"minecraft:torch":2,"minecraft:dirt":45,"minecraft:crafting_table":6,"minecraft:white_bed":3,"minecraft:dripstone_block":1,"minecraft:iron_pickaxe":91,"minecraft:smooth_basalt":2,"minecraft:stone_axe":82,"minecraft:cobblestone":4,"minecraft:furnace":3,"minecraft:cooked_cod":4,"minecraft:cooked_porkchop":8,"minecraft:bucket":7},"minecraft:mined":{"minecraft:white_bed":2,"minecraft:oak_door":15,"minecraft:kelp_plant":1,"minecraft:crafting_table":6,"minecraft:grass_block":3,"minecraft:tall_grass":3,"minecraft:sugar_cane":3,"minecraft:kelp":1,"minecraft:diorite":1,"minecraft:tall_seagrass":1,"minecraft:furnace":3,"minecraft:iron_ore":109,"minecraft:cobbled_deepslate":3,"minecraft:andesite":2,"minecraft:grass":19,"minecraft:oak_log":20,"minecraft:coal_ore":32,"minecraft:dripstone_block":1,"minecraft:dirt":15,"minecraft:smooth_basalt":2,"minecraft:stone":31,"minecraft:oak_leaves":5},"minecraft:dropped":{"minecraft:stone_axe":1,"minecraft:kelp":2,"minecraft:rotten_flesh":4,"minecraft:cod":3,"minecraft:stick":2,"minecraft:dirt":1,"minecraft:white_wool":1},"minecraft:killed":{"minecraft:pig":4,"minecraft:spider":5,"minecraft:wandering_trader":1,"minecraft:cod":9,"minecraft:creeper":3,"minecraft:horse":3,"minecraft:sheep":10,"minecraft:skeleton":4,"minecraft:trader_llama":2,"minecraft:zombie":9,"minecraft:donkey":2,"minecraft:chicken":6,"minecraft:drowned":1,"minecraft:cow":4},"minecraft:killed_by":{"minecraft:creeper":1,"minecraft:zombie":1}},"DataVersion":3465}