{
  "create:root": {
    "criteria": {
      "0": "2024-09-14 17:01:59 +0000"
    },
    "done": true
  },
  "minecraft:recipes/decorations/crafting_table": {
    "criteria": {
      "unlock_right_away": "2024-09-14 16:58:10 +0000"
    },
    "done": true
  },
  "minecraft:recipes/decorations/oak_hanging_sign": {
    "criteria": {
      "has_stripped_logs": "2024-09-14 17:02:34 +0000"
    },
    "done": true
  },
  "vs_eureka:recipes/balloon_color": {
    "criteria": {
      "has_red_balloon": "2024-09-14 17:01:59 +0000",
      "has_black_balloon": "2024-09-14 17:01:59 +0000",
      "has_lime_balloon": "2024-09-14 17:01:59 +0000",
      "has_cyan_balloon": "2024-09-14 17:01:59 +0000",
      "has_light_blue_balloon": "2024-09-14 17:01:59 +0000",
      "has_gray_balloon": "2024-09-14 17:01:59 +0000",
      "has_pink_balloon": "2024-09-14 17:01:59 +0000",
      "has_light_gray_balloon": "2024-09-14 17:01:59 +0000",
      "has_white_balloon": "2024-09-14 17:01:59 +0000",
      "has_blue_balloon": "2024-09-14 17:01:59 +0000",
      "has_yellow_balloon": "2024-09-14 17:01:59 +0000",
      "has_purple_balloon": "2024-09-14 17:01:59 +0000",
      "has_orange_balloon": "2024-09-14 17:01:59 +0000",
      "has_brown_balloon": "2024-09-14 17:01:59 +0000",
      "has_green_balloon": "2024-09-14 17:01:59 +0000",
      "has_magenta_balloon": "2024-09-14 17:01:59 +0000"
    },
    "done": true
  },
  "minecraft:recipes/misc/charcoal": {
    "criteria": {
      "has_log": "2024-09-14 17:02:34 +0000"
    },
    "done": true
  },
  "vs_eureka:recipes/balloon_leather": {
    "criteria": {
      "has_leather": "2024-09-14 17:01:59 +0000"
    },
    "done": true
  },
  "minecraft:recipes/building_blocks/oak_planks": {
    "criteria": {
      "has_logs": "2024-09-14 17:02:34 +0000"
    },
    "done": true
  },
  "vs_eureka:recipes/ship_helm": {
    "criteria": {
      "has_gold": "2024-09-14 17:01:59 +0000"
    },
    "done": true
  },
  "minecraft:recipes/building_blocks/stripped_oak_wood": {
    "criteria": {
      "has_log": "2024-09-14 17:02:34 +0000"
    },
    "done": true
  },
  "vs_eureka:recipes/balloon_paper": {
    "criteria": {
      "has_paper": "2024-09-14 17:01:59 +0000"
    },
    "done": true
  },
  "securitycraft:recipes/misc/sc_manual": {
    "criteria": {
      "has_wood": "2024-09-14 17:02:34 +0000"
    },
    "done": true
  },
  "vs_eureka:recipes/balloon_membrane": {
    "criteria": {
      "has_membrane": "2024-09-14 17:01:59 +0000"
    },
    "done": true
  },
  "farmersdelight:main/root": {
    "criteria": {
      "seeds": "2024-09-14 17:01:59 +0000"
    },
    "done": true
  },
  "minecraft:adventure/adventuring_time": {
    "criteria": {
      "minecraft:taiga": "2024-09-14 17:03:17 +0000",
      "minecraft:windswept_hills": "2024-09-14 16:58:41 +0000",
      "minecraft:dark_forest": "2024-09-14 16:58:12 +0000",
      "minecraft:forest": "2024-09-14 16:58:54 +0000",
      "minecraft:windswept_forest": "2024-09-14 17:03:16 +0000"
    },
    "done": false
  },
  "DataVersion": 3465
}